--
-- PostgreSQL database dump
--

-- Dumped from database version 15.1 (Debian 15.1-1.pgdg110+1)
-- Dumped by pg_dump version 15.1

SET statement_timeout = 0;
SET lock_timeout = 0;
SET idle_in_transaction_session_timeout = 0;
SET client_encoding = 'UTF8';
SET standard_conforming_strings = on;
SELECT pg_catalog.set_config('search_path', '', false);
SET check_function_bodies = false;
SET xmloption = content;
SET client_min_messages = warning;
SET row_security = off;

--
-- Name: purge_old_views(); Type: FUNCTION; Schema: public; Owner: dinny
--

CREATE FUNCTION public.purge_old_views() RETURNS trigger
    LANGUAGE plpgsql
    AS $$
begin
    delete from server_views where (now() - ((31)::double precision * '1 day'::interval)) > date_viewed;
    return new;
end;
$$;


ALTER FUNCTION public.purge_old_views() OWNER TO dinny;

SET default_tablespace = '';

SET default_table_access_method = heap;

--
-- Name: server_views; Type: TABLE; Schema: public; Owner: dinny
--

CREATE TABLE public.server_views (
    server_id uuid NOT NULL,
    date_viewed timestamp with time zone DEFAULT now() NOT NULL
);


ALTER TABLE public.server_views OWNER TO dinny;

--
-- Name: servers; Type: TABLE; Schema: public; Owner: dinny
--

CREATE TABLE public.servers (
    submission_id uuid DEFAULT gen_random_uuid() NOT NULL,
    submitter_id uuid NOT NULL,
    title text NOT NULL,
    service_type_id smallint DEFAULT 4 NOT NULL,
    address text NOT NULL,
    description text,
    submission_date timestamp with time zone DEFAULT now() NOT NULL,
    expiration_date timestamp with time zone DEFAULT (now() + ((7)::double precision * '1 day'::interval))
);


ALTER TABLE public.servers OWNER TO dinny;

--
-- Name: users; Type: TABLE; Schema: public; Owner: dinny
--

CREATE TABLE public.users (
    user_id uuid DEFAULT gen_random_uuid() NOT NULL,
    email text NOT NULL,
    username text NOT NULL,
    user_role_id smallint DEFAULT 1 NOT NULL,
    credentials_id uuid NOT NULL
);


ALTER TABLE public.users OWNER TO dinny;

--
-- Name: popular_servers; Type: VIEW; Schema: public; Owner: dinny
--

CREATE VIEW public.popular_servers AS
 SELECT v.server_id,
    s.title,
    u.username,
    count(v.date_viewed) AS views
   FROM ((public.server_views v
     JOIN public.servers s ON ((s.submission_id = v.server_id)))
     JOIN public.users u ON ((s.submitter_id = u.user_id)))
  GROUP BY v.server_id, s.title, u.username
  ORDER BY (count(v.date_viewed)) DESC
 LIMIT 10;


ALTER TABLE public.popular_servers OWNER TO dinny;

--
-- Name: saved_servers; Type: TABLE; Schema: public; Owner: dinny
--

CREATE TABLE public.saved_servers (
    user_id uuid NOT NULL,
    submission_id uuid NOT NULL,
    bookmarked_date timestamp with time zone DEFAULT now() NOT NULL
);


ALTER TABLE public.saved_servers OWNER TO dinny;

--
-- Name: service_types; Type: TABLE; Schema: public; Owner: dinny
--

CREATE TABLE public.service_types (
    service_type_id smallint NOT NULL,
    service_name text NOT NULL,
    service_image_name text NOT NULL
);


ALTER TABLE public.service_types OWNER TO dinny;

--
-- Name: service_types_service_type_id_seq; Type: SEQUENCE; Schema: public; Owner: dinny
--

CREATE SEQUENCE public.service_types_service_type_id_seq
    AS smallint
    START WITH 1
    INCREMENT BY 1
    NO MINVALUE
    NO MAXVALUE
    CACHE 1;


ALTER TABLE public.service_types_service_type_id_seq OWNER TO dinny;

--
-- Name: service_types_service_type_id_seq; Type: SEQUENCE OWNED BY; Schema: public; Owner: dinny
--

ALTER SEQUENCE public.service_types_service_type_id_seq OWNED BY public.service_types.service_type_id;


--
-- Name: user_credentials; Type: TABLE; Schema: public; Owner: dinny
--

CREATE TABLE public.user_credentials (
    credentials_id uuid DEFAULT gen_random_uuid() NOT NULL,
    password_hash character varying(60) NOT NULL,
    password_salt character varying(7) NOT NULL
);


ALTER TABLE public.user_credentials OWNER TO dinny;

--
-- Name: user_roles; Type: TABLE; Schema: public; Owner: dinny
--

CREATE TABLE public.user_roles (
    role_id smallint NOT NULL,
    role_name character varying(20) NOT NULL
);


ALTER TABLE public.user_roles OWNER TO dinny;

--
-- Name: user_roles_role_id_seq; Type: SEQUENCE; Schema: public; Owner: dinny
--

CREATE SEQUENCE public.user_roles_role_id_seq
    AS smallint
    START WITH 1
    INCREMENT BY 1
    NO MINVALUE
    NO MAXVALUE
    CACHE 1;


ALTER TABLE public.user_roles_role_id_seq OWNER TO dinny;

--
-- Name: user_roles_role_id_seq; Type: SEQUENCE OWNED BY; Schema: public; Owner: dinny
--

ALTER SEQUENCE public.user_roles_role_id_seq OWNED BY public.user_roles.role_id;


--
-- Name: service_types service_type_id; Type: DEFAULT; Schema: public; Owner: dinny
--

ALTER TABLE ONLY public.service_types ALTER COLUMN service_type_id SET DEFAULT nextval('public.service_types_service_type_id_seq'::regclass);


--
-- Name: user_roles role_id; Type: DEFAULT; Schema: public; Owner: dinny
--

ALTER TABLE ONLY public.user_roles ALTER COLUMN role_id SET DEFAULT nextval('public.user_roles_role_id_seq'::regclass);


--
-- Data for Name: saved_servers; Type: TABLE DATA; Schema: public; Owner: dinny
--

INSERT INTO public.saved_servers VALUES ('0567b853-13af-4b0a-ae4e-3b12df372eba', 'c52a8e77-d0e3-4248-8035-2634e124ee67', '2023-01-04 15:05:07.785909+00');
INSERT INTO public.saved_servers VALUES ('0567b853-13af-4b0a-ae4e-3b12df372eba', 'ef41712d-1db3-480d-a5c4-adc9c6384d05', '2023-01-04 15:08:50.987451+00');
INSERT INTO public.saved_servers VALUES ('0567b853-13af-4b0a-ae4e-3b12df372eba', '719df397-95a4-4161-9e5a-0dd720620126', '2023-01-04 15:09:08.470817+00');
INSERT INTO public.saved_servers VALUES ('0567b853-13af-4b0a-ae4e-3b12df372eba', '4d3ee447-7173-469d-bafd-75ef04c7d988', '2023-01-04 15:21:00.440138+00');


--
-- Data for Name: server_views; Type: TABLE DATA; Schema: public; Owner: dinny
--

INSERT INTO public.server_views VALUES ('6432b446-839e-48a2-b7c9-eaf7b8ab30ae', '2023-01-02 19:45:19.142396+00');
INSERT INTO public.server_views VALUES ('2d2e98f9-0600-43d4-bd50-1dc06c94e848', '2023-01-02 20:03:15.525202+00');
INSERT INTO public.server_views VALUES ('6432b446-839e-48a2-b7c9-eaf7b8ab30ae', '2023-01-02 20:03:48.833067+00');
INSERT INTO public.server_views VALUES ('6432b446-839e-48a2-b7c9-eaf7b8ab30ae', '2023-01-02 20:03:52.157363+00');
INSERT INTO public.server_views VALUES ('6432b446-839e-48a2-b7c9-eaf7b8ab30ae', '2023-01-02 20:03:54.03685+00');
INSERT INTO public.server_views VALUES ('901bcc45-edcb-4dc1-9577-c99c09d9a531', '2023-01-02 20:03:55.58586+00');
INSERT INTO public.server_views VALUES ('4d3ee447-7173-469d-bafd-75ef04c7d988', '2023-01-02 20:03:57.870461+00');
INSERT INTO public.server_views VALUES ('4d3ee447-7173-469d-bafd-75ef04c7d988', '2023-01-02 20:03:59.594339+00');
INSERT INTO public.server_views VALUES ('b4282ca9-0993-4b1c-9326-5fc9c6d822fa', '2023-01-02 20:04:02.526182+00');
INSERT INTO public.server_views VALUES ('805d5ee7-9fb1-4eb8-a6dd-50612584d0e9', '2023-01-02 20:04:04.69125+00');
INSERT INTO public.server_views VALUES ('23819141-4e04-401f-8fb8-069a44bcde7a', '2023-01-02 20:04:15.044285+00');
INSERT INTO public.server_views VALUES ('23819141-4e04-401f-8fb8-069a44bcde7a', '2023-01-02 20:07:09.348592+00');
INSERT INTO public.server_views VALUES ('6432b446-839e-48a2-b7c9-eaf7b8ab30ae', '2023-01-02 20:08:51.062869+00');
INSERT INTO public.server_views VALUES ('6432b446-839e-48a2-b7c9-eaf7b8ab30ae', '2023-01-02 20:16:35.455601+00');
INSERT INTO public.server_views VALUES ('ce38dbbc-07f2-453a-a36c-d50ad32ca2c7', '2023-01-02 20:25:46.00057+00');
INSERT INTO public.server_views VALUES ('1eddb991-87ca-4a37-8855-a28bad44eca3', '2023-01-02 20:26:38.407737+00');
INSERT INTO public.server_views VALUES ('23819141-4e04-401f-8fb8-069a44bcde7a', '2023-01-03 12:31:44.073108+00');
INSERT INTO public.server_views VALUES ('6432b446-839e-48a2-b7c9-eaf7b8ab30ae', '2023-01-03 12:35:44.1087+00');
INSERT INTO public.server_views VALUES ('6432b446-839e-48a2-b7c9-eaf7b8ab30ae', '2023-01-03 16:56:29.210987+00');
INSERT INTO public.server_views VALUES ('6432b446-839e-48a2-b7c9-eaf7b8ab30ae', '2023-01-03 17:01:45.438739+00');
INSERT INTO public.server_views VALUES ('6432b446-839e-48a2-b7c9-eaf7b8ab30ae', '2023-01-03 17:01:46.330922+00');
INSERT INTO public.server_views VALUES ('6432b446-839e-48a2-b7c9-eaf7b8ab30ae', '2023-01-03 17:01:50.68252+00');
INSERT INTO public.server_views VALUES ('6432b446-839e-48a2-b7c9-eaf7b8ab30ae', '2023-01-03 17:02:01.213873+00');
INSERT INTO public.server_views VALUES ('6432b446-839e-48a2-b7c9-eaf7b8ab30ae', '2023-01-03 17:03:06.453575+00');
INSERT INTO public.server_views VALUES ('6432b446-839e-48a2-b7c9-eaf7b8ab30ae', '2023-01-03 17:03:22.892599+00');
INSERT INTO public.server_views VALUES ('6432b446-839e-48a2-b7c9-eaf7b8ab30ae', '2023-01-03 17:03:33.063658+00');
INSERT INTO public.server_views VALUES ('6432b446-839e-48a2-b7c9-eaf7b8ab30ae', '2023-01-03 17:04:32.692072+00');
INSERT INTO public.server_views VALUES ('6432b446-839e-48a2-b7c9-eaf7b8ab30ae', '2023-01-03 17:04:53.092938+00');
INSERT INTO public.server_views VALUES ('6432b446-839e-48a2-b7c9-eaf7b8ab30ae', '2023-01-03 17:05:55.525496+00');
INSERT INTO public.server_views VALUES ('6432b446-839e-48a2-b7c9-eaf7b8ab30ae', '2023-01-03 17:06:38.700863+00');
INSERT INTO public.server_views VALUES ('6432b446-839e-48a2-b7c9-eaf7b8ab30ae', '2023-01-03 17:06:58.194151+00');
INSERT INTO public.server_views VALUES ('6432b446-839e-48a2-b7c9-eaf7b8ab30ae', '2023-01-03 17:07:20.618034+00');
INSERT INTO public.server_views VALUES ('6432b446-839e-48a2-b7c9-eaf7b8ab30ae', '2023-01-03 17:07:33.038475+00');
INSERT INTO public.server_views VALUES ('6432b446-839e-48a2-b7c9-eaf7b8ab30ae', '2023-01-03 17:07:37.764234+00');
INSERT INTO public.server_views VALUES ('6432b446-839e-48a2-b7c9-eaf7b8ab30ae', '2023-01-03 17:08:15.863212+00');
INSERT INTO public.server_views VALUES ('6432b446-839e-48a2-b7c9-eaf7b8ab30ae', '2023-01-03 17:08:25.639116+00');
INSERT INTO public.server_views VALUES ('6432b446-839e-48a2-b7c9-eaf7b8ab30ae', '2023-01-03 17:08:33.23472+00');
INSERT INTO public.server_views VALUES ('6432b446-839e-48a2-b7c9-eaf7b8ab30ae', '2023-01-03 17:10:08.813875+00');
INSERT INTO public.server_views VALUES ('6432b446-839e-48a2-b7c9-eaf7b8ab30ae', '2023-01-03 17:11:29.598386+00');
INSERT INTO public.server_views VALUES ('6432b446-839e-48a2-b7c9-eaf7b8ab30ae', '2023-01-03 17:11:41.657804+00');
INSERT INTO public.server_views VALUES ('6432b446-839e-48a2-b7c9-eaf7b8ab30ae', '2023-01-03 17:12:00.122366+00');
INSERT INTO public.server_views VALUES ('6432b446-839e-48a2-b7c9-eaf7b8ab30ae', '2023-01-03 17:13:36.500034+00');
INSERT INTO public.server_views VALUES ('6432b446-839e-48a2-b7c9-eaf7b8ab30ae', '2023-01-03 17:13:49.451734+00');
INSERT INTO public.server_views VALUES ('6432b446-839e-48a2-b7c9-eaf7b8ab30ae', '2023-01-03 17:13:59.473964+00');
INSERT INTO public.server_views VALUES ('6432b446-839e-48a2-b7c9-eaf7b8ab30ae', '2023-01-03 17:14:07.672457+00');
INSERT INTO public.server_views VALUES ('6432b446-839e-48a2-b7c9-eaf7b8ab30ae', '2023-01-03 17:14:13.771964+00');
INSERT INTO public.server_views VALUES ('6432b446-839e-48a2-b7c9-eaf7b8ab30ae', '2023-01-03 17:14:18.987906+00');
INSERT INTO public.server_views VALUES ('6432b446-839e-48a2-b7c9-eaf7b8ab30ae', '2023-01-03 17:14:32.905917+00');
INSERT INTO public.server_views VALUES ('6432b446-839e-48a2-b7c9-eaf7b8ab30ae', '2023-01-03 17:18:45.327056+00');
INSERT INTO public.server_views VALUES ('6432b446-839e-48a2-b7c9-eaf7b8ab30ae', '2023-01-03 17:20:19.744288+00');
INSERT INTO public.server_views VALUES ('6432b446-839e-48a2-b7c9-eaf7b8ab30ae', '2023-01-03 17:21:58.684304+00');
INSERT INTO public.server_views VALUES ('6432b446-839e-48a2-b7c9-eaf7b8ab30ae', '2023-01-03 18:09:49.055649+00');
INSERT INTO public.server_views VALUES ('6432b446-839e-48a2-b7c9-eaf7b8ab30ae', '2023-01-03 18:17:36.757734+00');
INSERT INTO public.server_views VALUES ('6432b446-839e-48a2-b7c9-eaf7b8ab30ae', '2023-01-03 18:18:27.89711+00');
INSERT INTO public.server_views VALUES ('6432b446-839e-48a2-b7c9-eaf7b8ab30ae', '2023-01-03 18:19:24.528617+00');
INSERT INTO public.server_views VALUES ('6432b446-839e-48a2-b7c9-eaf7b8ab30ae', '2023-01-03 18:19:57.539063+00');
INSERT INTO public.server_views VALUES ('6432b446-839e-48a2-b7c9-eaf7b8ab30ae', '2023-01-03 18:21:01.700697+00');
INSERT INTO public.server_views VALUES ('6432b446-839e-48a2-b7c9-eaf7b8ab30ae', '2023-01-03 18:21:36.707031+00');
INSERT INTO public.server_views VALUES ('4d3ee447-7173-469d-bafd-75ef04c7d988', '2023-01-03 18:35:38.359389+00');
INSERT INTO public.server_views VALUES ('23819141-4e04-401f-8fb8-069a44bcde7a', '2023-01-03 18:44:41.780392+00');
INSERT INTO public.server_views VALUES ('760ae3b3-33ae-4717-8240-c0e3eea42c0f', '2023-01-04 11:05:13.518824+00');
INSERT INTO public.server_views VALUES ('6432b446-839e-48a2-b7c9-eaf7b8ab30ae', '2023-01-04 11:05:37.717592+00');
INSERT INTO public.server_views VALUES ('805d5ee7-9fb1-4eb8-a6dd-50612584d0e9', '2023-01-04 11:08:21.009817+00');
INSERT INTO public.server_views VALUES ('805d5ee7-9fb1-4eb8-a6dd-50612584d0e9', '2023-01-04 11:09:40.72751+00');
INSERT INTO public.server_views VALUES ('760ae3b3-33ae-4717-8240-c0e3eea42c0f', '2023-01-04 11:49:25.56649+00');
INSERT INTO public.server_views VALUES ('227e993b-6cca-4d2d-bb43-95516dbd4b48', '2023-01-04 11:55:54.911583+00');
INSERT INTO public.server_views VALUES ('227e993b-6cca-4d2d-bb43-95516dbd4b48', '2023-01-04 11:56:44.62492+00');
INSERT INTO public.server_views VALUES ('227e993b-6cca-4d2d-bb43-95516dbd4b48', '2023-01-04 11:57:10.4886+00');
INSERT INTO public.server_views VALUES ('227e993b-6cca-4d2d-bb43-95516dbd4b48', '2023-01-04 11:57:33.402025+00');
INSERT INTO public.server_views VALUES ('227e993b-6cca-4d2d-bb43-95516dbd4b48', '2023-01-04 11:57:48.892013+00');
INSERT INTO public.server_views VALUES ('227e993b-6cca-4d2d-bb43-95516dbd4b48', '2023-01-04 11:59:05.615282+00');
INSERT INTO public.server_views VALUES ('760ae3b3-33ae-4717-8240-c0e3eea42c0f', '2023-01-04 12:00:04.329366+00');
INSERT INTO public.server_views VALUES ('760ae3b3-33ae-4717-8240-c0e3eea42c0f', '2023-01-04 12:02:35.218548+00');
INSERT INTO public.server_views VALUES ('760ae3b3-33ae-4717-8240-c0e3eea42c0f', '2023-01-04 13:59:07.970696+00');
INSERT INTO public.server_views VALUES ('760ae3b3-33ae-4717-8240-c0e3eea42c0f', '2023-01-04 13:59:33.86307+00');
INSERT INTO public.server_views VALUES ('760ae3b3-33ae-4717-8240-c0e3eea42c0f', '2023-01-04 14:04:45.599957+00');
INSERT INTO public.server_views VALUES ('760ae3b3-33ae-4717-8240-c0e3eea42c0f', '2023-01-04 14:05:00.138881+00');
INSERT INTO public.server_views VALUES ('760ae3b3-33ae-4717-8240-c0e3eea42c0f', '2023-01-04 14:33:07.099669+00');
INSERT INTO public.server_views VALUES ('760ae3b3-33ae-4717-8240-c0e3eea42c0f', '2023-01-04 14:33:21.206069+00');
INSERT INTO public.server_views VALUES ('760ae3b3-33ae-4717-8240-c0e3eea42c0f', '2023-01-04 14:33:25.504151+00');
INSERT INTO public.server_views VALUES ('760ae3b3-33ae-4717-8240-c0e3eea42c0f', '2023-01-04 14:33:37.421822+00');
INSERT INTO public.server_views VALUES ('760ae3b3-33ae-4717-8240-c0e3eea42c0f', '2023-01-04 14:33:54.989818+00');
INSERT INTO public.server_views VALUES ('760ae3b3-33ae-4717-8240-c0e3eea42c0f', '2023-01-04 14:34:05.084468+00');
INSERT INTO public.server_views VALUES ('760ae3b3-33ae-4717-8240-c0e3eea42c0f', '2023-01-04 14:35:11.839421+00');
INSERT INTO public.server_views VALUES ('760ae3b3-33ae-4717-8240-c0e3eea42c0f', '2023-01-04 14:45:07.569812+00');
INSERT INTO public.server_views VALUES ('760ae3b3-33ae-4717-8240-c0e3eea42c0f', '2023-01-04 14:45:24.261631+00');
INSERT INTO public.server_views VALUES ('760ae3b3-33ae-4717-8240-c0e3eea42c0f', '2023-01-04 14:45:33.452526+00');
INSERT INTO public.server_views VALUES ('ef41712d-1db3-480d-a5c4-adc9c6384d05', '2023-01-04 14:45:34.970172+00');
INSERT INTO public.server_views VALUES ('176db86b-58db-4552-b2dc-04f2c0d14734', '2023-01-04 14:45:38.438923+00');
INSERT INTO public.server_views VALUES ('ef41712d-1db3-480d-a5c4-adc9c6384d05', '2023-01-04 14:45:40.562627+00');
INSERT INTO public.server_views VALUES ('ef41712d-1db3-480d-a5c4-adc9c6384d05', '2023-01-04 14:45:42.940151+00');
INSERT INTO public.server_views VALUES ('760ae3b3-33ae-4717-8240-c0e3eea42c0f', '2023-01-04 14:45:44.503669+00');
INSERT INTO public.server_views VALUES ('760ae3b3-33ae-4717-8240-c0e3eea42c0f', '2023-01-04 14:47:06.008453+00');
INSERT INTO public.server_views VALUES ('ef41712d-1db3-480d-a5c4-adc9c6384d05', '2023-01-04 14:47:08.728858+00');
INSERT INTO public.server_views VALUES ('760ae3b3-33ae-4717-8240-c0e3eea42c0f', '2023-01-04 14:47:11.095471+00');
INSERT INTO public.server_views VALUES ('760ae3b3-33ae-4717-8240-c0e3eea42c0f', '2023-01-04 14:47:14.647965+00');
INSERT INTO public.server_views VALUES ('ef41712d-1db3-480d-a5c4-adc9c6384d05', '2023-01-04 14:47:17.232855+00');
INSERT INTO public.server_views VALUES ('ef41712d-1db3-480d-a5c4-adc9c6384d05', '2023-01-04 14:47:28.458423+00');
INSERT INTO public.server_views VALUES ('ef41712d-1db3-480d-a5c4-adc9c6384d05', '2023-01-04 14:48:30.21977+00');
INSERT INTO public.server_views VALUES ('ef41712d-1db3-480d-a5c4-adc9c6384d05', '2023-01-04 14:48:31.318259+00');
INSERT INTO public.server_views VALUES ('ef41712d-1db3-480d-a5c4-adc9c6384d05', '2023-01-04 14:48:34.005022+00');
INSERT INTO public.server_views VALUES ('ef41712d-1db3-480d-a5c4-adc9c6384d05', '2023-01-04 14:50:31.327107+00');
INSERT INTO public.server_views VALUES ('ef41712d-1db3-480d-a5c4-adc9c6384d05', '2023-01-04 14:50:37.181808+00');
INSERT INTO public.server_views VALUES ('ef41712d-1db3-480d-a5c4-adc9c6384d05', '2023-01-04 14:50:37.645509+00');
INSERT INTO public.server_views VALUES ('760ae3b3-33ae-4717-8240-c0e3eea42c0f', '2023-01-04 15:01:20.030436+00');
INSERT INTO public.server_views VALUES ('23819141-4e04-401f-8fb8-069a44bcde7a', '2023-01-04 15:01:26.134662+00');
INSERT INTO public.server_views VALUES ('c52a8e77-d0e3-4248-8035-2634e124ee67', '2023-01-04 15:01:35.998245+00');
INSERT INTO public.server_views VALUES ('c52a8e77-d0e3-4248-8035-2634e124ee67', '2023-01-04 15:01:37.317671+00');
INSERT INTO public.server_views VALUES ('760ae3b3-33ae-4717-8240-c0e3eea42c0f', '2023-01-04 15:05:02.012554+00');
INSERT INTO public.server_views VALUES ('c52a8e77-d0e3-4248-8035-2634e124ee67', '2023-01-04 15:05:06.297718+00');
INSERT INTO public.server_views VALUES ('c52a8e77-d0e3-4248-8035-2634e124ee67', '2023-01-04 15:05:07.150548+00');
INSERT INTO public.server_views VALUES ('c52a8e77-d0e3-4248-8035-2634e124ee67', '2023-01-04 15:05:07.815674+00');
INSERT INTO public.server_views VALUES ('ef41712d-1db3-480d-a5c4-adc9c6384d05', '2023-01-04 15:08:49.86586+00');
INSERT INTO public.server_views VALUES ('ef41712d-1db3-480d-a5c4-adc9c6384d05', '2023-01-04 15:08:51.019835+00');
INSERT INTO public.server_views VALUES ('760ae3b3-33ae-4717-8240-c0e3eea42c0f', '2023-01-04 15:08:57.518257+00');
INSERT INTO public.server_views VALUES ('760ae3b3-33ae-4717-8240-c0e3eea42c0f', '2023-01-04 15:08:59.673332+00');
INSERT INTO public.server_views VALUES ('719df397-95a4-4161-9e5a-0dd720620126', '2023-01-04 15:09:07.359333+00');
INSERT INTO public.server_views VALUES ('719df397-95a4-4161-9e5a-0dd720620126', '2023-01-04 15:09:08.5011+00');
INSERT INTO public.server_views VALUES ('4d3ee447-7173-469d-bafd-75ef04c7d988', '2023-01-04 15:20:59.229366+00');
INSERT INTO public.server_views VALUES ('4d3ee447-7173-469d-bafd-75ef04c7d988', '2023-01-04 15:21:00.469869+00');
INSERT INTO public.server_views VALUES ('6432b446-839e-48a2-b7c9-eaf7b8ab30ae', '2023-01-04 17:12:44.803251+00');
INSERT INTO public.server_views VALUES ('6432b446-839e-48a2-b7c9-eaf7b8ab30ae', '2023-01-04 17:12:47.522709+00');
INSERT INTO public.server_views VALUES ('6432b446-839e-48a2-b7c9-eaf7b8ab30ae', '2023-01-04 17:12:59.044162+00');
INSERT INTO public.server_views VALUES ('6432b446-839e-48a2-b7c9-eaf7b8ab30ae', '2023-01-04 17:13:00.084257+00');
INSERT INTO public.server_views VALUES ('6432b446-839e-48a2-b7c9-eaf7b8ab30ae', '2023-01-04 17:26:57.236374+00');
INSERT INTO public.server_views VALUES ('6432b446-839e-48a2-b7c9-eaf7b8ab30ae', '2023-01-04 17:27:05.553484+00');
INSERT INTO public.server_views VALUES ('6432b446-839e-48a2-b7c9-eaf7b8ab30ae', '2023-01-04 17:27:17.593376+00');
INSERT INTO public.server_views VALUES ('0d49cea2-d5a4-4915-8a19-d9e392543123', '2023-01-04 17:29:46.555555+00');
INSERT INTO public.server_views VALUES ('d8784238-2f91-473a-a7bf-4517c1e8b732', '2023-01-04 17:29:49.796788+00');
INSERT INTO public.server_views VALUES ('6432b446-839e-48a2-b7c9-eaf7b8ab30ae', '2023-01-04 17:30:03.6475+00');
INSERT INTO public.server_views VALUES ('0d49cea2-d5a4-4915-8a19-d9e392543123', '2023-01-04 19:24:10.914084+00');
INSERT INTO public.server_views VALUES ('0d49cea2-d5a4-4915-8a19-d9e392543123', '2023-01-04 19:24:39.344283+00');
INSERT INTO public.server_views VALUES ('0d49cea2-d5a4-4915-8a19-d9e392543123', '2023-01-04 19:24:48.892306+00');
INSERT INTO public.server_views VALUES ('0d49cea2-d5a4-4915-8a19-d9e392543123', '2023-01-04 19:25:04.61238+00');
INSERT INTO public.server_views VALUES ('0d49cea2-d5a4-4915-8a19-d9e392543123', '2023-01-05 14:37:01.808695+00');
INSERT INTO public.server_views VALUES ('0d49cea2-d5a4-4915-8a19-d9e392543123', '2023-01-05 14:40:30.279312+00');
INSERT INTO public.server_views VALUES ('6432b446-839e-48a2-b7c9-eaf7b8ab30ae', '2023-01-05 14:40:35.90761+00');
INSERT INTO public.server_views VALUES ('6432b446-839e-48a2-b7c9-eaf7b8ab30ae', '2023-01-05 14:40:37.312564+00');
INSERT INTO public.server_views VALUES ('6432b446-839e-48a2-b7c9-eaf7b8ab30ae', '2023-01-05 14:40:41.553301+00');
INSERT INTO public.server_views VALUES ('6432b446-839e-48a2-b7c9-eaf7b8ab30ae', '2023-01-05 14:40:42.846796+00');
INSERT INTO public.server_views VALUES ('0d49cea2-d5a4-4915-8a19-d9e392543123', '2023-01-05 18:54:48.649113+00');
INSERT INTO public.server_views VALUES ('1eddb991-87ca-4a37-8855-a28bad44eca3', '2023-01-05 20:06:35.387267+00');


--
-- Data for Name: servers; Type: TABLE DATA; Schema: public; Owner: dinny
--

INSERT INTO public.servers VALUES ('6432b446-839e-48a2-b7c9-eaf7b8ab30ae', '0567b853-13af-4b0a-ae4e-3b12df372eba', 'Bot testing awooo', 1, 'https://discord.gg/yyxhaNdP', 'My server for testing discord bots', '2022-12-29 17:17:06.899+00', '2023-01-05 17:31:32.186537+00');
INSERT INTO public.servers VALUES ('901bcc45-edcb-4dc1-9577-c99c09d9a531', '0567b853-13af-4b0a-ae4e-3b12df372eba', '🔊 Speluno.pl - Miejsce Schadzek', 2, 'speluno.pl', 'Regulamin:
1. Nasz serwer jest darmowy i każda osoba może z niego swobodnie korzystać wedle własnego uznania o ile jej działania nie naruszają postanowień regulaminu.
2. Korzystanie z serwera jest równoznaczne z zaakceptowaniem regulaminu.
3. By otrzymać rangę, kanał, bądź  też rozwiązać jakiś problem wejdź na kanał Pomocy.
4. O wszelkich przerwach w działaniu serwera będziemy informować z wyprzedzeniem na naszym forum. 
5. Niezapowiedziane przerwy w działaniu serwera wynikają jedynie z przyczyn od nas niezależnych, na które my jako administracja nie mamy najmniejszego wpływu. W takiej sytuacji prosimy uzbroić się w cierpliwość.
6. Każdy błąd znaleziony na serwerze należy niezwłocznie zgłosić Administratorowi serwera bądź wysłać wiadomość na adres e-mail: kontakt@speluno.pl.
7. Regulamin serwera Speluno.pl  może w każdej chwili ulec zmianie.', '2022-12-29 17:22:06.899+00', '2023-01-05 17:31:32.186537+00');
INSERT INTO public.servers VALUES ('1d596212-625a-4b10-b099-80bf213fa7f3', '0567b853-13af-4b0a-ae4e-3b12df372eba', 'Tsoding', 1, 'https://discord.com/invite/KehewYS', 'Recreational Programming 🙌', '2022-12-29 18:34:40.80058+00', '2023-01-05 18:34:40.80058+00');
INSERT INTO public.servers VALUES ('4d3ee447-7173-469d-bafd-75ef04c7d988', 'a477bcf2-65c6-4c7c-9d95-faa14e2930b3', '[IRC] Foo bar''s server', 4, '65.166.78.203:6697', 'Only TLS clients supported', '2023-01-02 15:58:49.155629+00', '2023-01-09 15:58:49.155629+00');
INSERT INTO public.servers VALUES ('b4282ca9-0993-4b1c-9326-5fc9c6d822fa', '0567b853-13af-4b0a-ae4e-3b12df372eba', '[IRC] Libera.Chat', 4, 'irc.libera.chat:6697', 'Providing a community platform for free and open-source software and peer directed projects. 

Note: TLS is required to join.', '2022-12-30 14:02:36.865748+00', '2023-01-06 14:02:36.865748+00');
INSERT INTO public.servers VALUES ('805d5ee7-9fb1-4eb8-a6dd-50612584d0e9', '0567b853-13af-4b0a-ae4e-3b12df372eba', '7o7 Mumble Polska', 3, 'mumble://7o7.cx:64738/?version=1.4.230', 'Testing if editing works. It hopefully does', '2022-12-29 20:31:52.489413+00', '2023-01-05 20:31:52.489413+00');
INSERT INTO public.servers VALUES ('d57eac25-633f-41b6-8c6a-66450aecdf92', '317e4653-ad20-416c-8bf2-b481e8ba99f9', 'Campaign me writer bad state detail answer thought.', 1, 'https://discord.gg/EUhBeTOz', 'Media land employee perhaps beautiful cup. Phone themselves brother do political very. Common girl short wide pull product. Free positive they game point. How for dark investment early loss.', '2023-01-04 16:23:39.301209+00', '2023-01-11 16:23:39.301209+00');
INSERT INTO public.servers VALUES ('32252bcd-74e3-4c78-ac2b-a6f1d3e42fd0', '317e4653-ad20-416c-8bf2-b481e8ba99f9', 'Husband treatment identify little defense hair school.', 1, 'https://discord.gg/SkvvuASR', 'Strategy base election box short technology choose. Morning moment far. Score nature able debate ever sea. Bit term real conference traditional live. Party bag agreement in blood.', '2023-01-04 16:23:39.301209+00', '2023-01-11 16:23:39.301209+00');
INSERT INTO public.servers VALUES ('101c2373-f413-477c-a1bf-35769efbfbbe', '3679d806-3bfa-4733-9974-0f5066e36f9e', 'Approach system president street and speech.', 2, '99.71.57.28:6697', 'Coach year gas should building. Leg site court rule almost public hand. Practice religious debate happen note have sort.', '2023-01-04 16:23:39.301209+00', '2023-01-11 16:23:39.301209+00');
INSERT INTO public.servers VALUES ('8b0c2703-edb0-4d37-afe7-e54cde7fc109', '3679d806-3bfa-4733-9974-0f5066e36f9e', 'Cut early include that media less.', 1, 'https://discord.gg/ZSgVakVO', 'What account increase size. Growth itself appear successful education. Your cell help blood fear attention need voice.', '2023-01-04 16:23:39.301209+00', '2023-01-11 16:23:39.301209+00');
INSERT INTO public.servers VALUES ('a4252bb5-f58a-4497-abf5-00723ea5bee8', '237b5cb9-34b6-4546-8b02-a41da050b28f', 'Owner her half very sing college development.', 1, 'https://discord.gg/ecQVaGuZ', 'List nor series purpose gas foreign degree. Set piece garden might listen significant budget. Benefit sell box enough world often.', '2023-01-04 16:23:39.301209+00', '2023-01-11 16:23:39.301209+00');
INSERT INTO public.servers VALUES ('47e7cdb9-6ae8-467f-88a4-13bc3c2a5155', '317e4653-ad20-416c-8bf2-b481e8ba99f9', '[IRC] Begin themselves ground recognize nation.', 4, '215.161.41.196:6697', 'Sign community of. Whatever political beautiful later peace. Sound new yet keep charge. Organization pressure computer lawyer. Organization would state ago detail will situation president. Parent military believe board effort list candidate.', '2023-01-04 16:23:39.301209+00', '2023-01-11 16:23:39.301209+00');
INSERT INTO public.servers VALUES ('fe5c0532-1839-482c-938a-b36772dbd519', '237b5cb9-34b6-4546-8b02-a41da050b28f', 'Issue because four hotel push anyone.', 1, 'https://discord.gg/GBEHrbae', 'Fire upon guy all exist. Chance teach race wrong old. Professor shake her able society. Public stand garden use. Worry agree able produce difficult official measure. Coach military sister imagine window more.', '2023-01-04 16:23:39.301209+00', '2023-01-11 16:23:39.301209+00');
INSERT INTO public.servers VALUES ('f138ab94-679f-4054-89fc-96ac17c228a5', '534c0489-3202-4457-94fd-0ed6ae6884ed', '[IRC] Mind describe close individual.', 4, '43.72.205.59:6697', 'Carry expert close water free. Land room when administration guess middle. See receive phone third. Culture once goal government second how loss product.', '2023-01-04 16:23:39.301209+00', '2023-01-11 16:23:39.301209+00');
INSERT INTO public.servers VALUES ('671f8268-769a-4b2c-ace2-49cffaf1913a', '3679d806-3bfa-4733-9974-0f5066e36f9e', 'Hope want nature pull detail off natural difference.', 2, '104.42.130.131:6697', 'Cell voice unit walk. Final which growth offer respond. Know course a yourself always.', '2023-01-04 16:23:39.301209+00', '2023-01-11 16:23:39.301209+00');
INSERT INTO public.servers VALUES ('e6071ddd-1052-44b0-b220-3630e744d5cf', '237b5cb9-34b6-4546-8b02-a41da050b28f', 'Rock general similar career control itself study.', 3, '181.61.207.50:6697', 'Thank common hope hour pressure own politics hotel. Century standard purpose deal view citizen. Per tell kid attention. Yes forward radio within stay. Effect like the time radio. Short strong factor Democrat change seem.', '2023-01-04 16:23:39.301209+00', '2023-01-11 16:23:39.301209+00');
INSERT INTO public.servers VALUES ('e15494d2-0ed7-413f-9497-e2ed4f31ffb8', '3679d806-3bfa-4733-9974-0f5066e36f9e', 'Hundred Democrat ready yourself evening everyone.', 2, '210.64.184.0:6697', 'Machine help story affect miss must. Build whole couple safe control. Security inside home class information number. Executive project realize especially including them authority.', '2023-01-04 16:23:39.301209+00', '2023-01-11 16:23:39.301209+00');
INSERT INTO public.servers VALUES ('b8e823d8-56f8-416d-b2a0-01d2a8c2115c', '237b5cb9-34b6-4546-8b02-a41da050b28f', 'It their event us policy listen several.', 3, '215.224.152.114:6697', 'Heart own health although hotel let. Set season hand. Three traditional eat challenge artist page. Idea history old reason successful argue degree. Almost wide citizen. World professional hospital paper even popular.', '2023-01-04 16:23:39.301209+00', '2023-01-11 16:23:39.301209+00');
INSERT INTO public.servers VALUES ('e0c53488-916e-4b2a-85fd-13e8a7c956ed', '317e4653-ad20-416c-8bf2-b481e8ba99f9', 'Everyone beautiful data technology adult avoid similar themselves.', 2, '104.200.5.77:6697', 'Fear onto specific yet machine language network while. Or situation agree perform. Rather product then. Employee memory thank activity race must inside practice.', '2023-01-04 16:23:39.301209+00', '2023-01-11 16:23:39.301209+00');
INSERT INTO public.servers VALUES ('5390cbd8-7cc7-44ba-8cf9-1b4425bd6335', '534c0489-3202-4457-94fd-0ed6ae6884ed', 'Shake thousand argue stuff.', 2, '215.174.100.39:6697', 'While idea civil sure less away above thank. Stay total head speak effort. Risk young prepare member. From red write simply administration ready standard. Father section alone spend.', '2023-01-04 16:23:39.301209+00', '2023-01-11 16:23:39.301209+00');
INSERT INTO public.servers VALUES ('c99109d8-8e2b-409b-a14b-e66f134ffe6f', '534c0489-3202-4457-94fd-0ed6ae6884ed', 'Peace dog keep act.', 1, 'https://discord.gg/qUQEmJKI', 'Truth effect understand public. Exist treatment teach should organization. Foot whom today stock beat history.', '2023-01-04 16:23:39.301209+00', '2023-01-11 16:23:39.301209+00');
INSERT INTO public.servers VALUES ('09bf4589-2c67-47bc-909e-b2cb0cd9ea1f', '237b5cb9-34b6-4546-8b02-a41da050b28f', 'High especially detail.', 1, 'https://discord.gg/EdUnAKLw', 'Ask even this certainly guy. Sort she whether. Skill loss firm begin career fear open. Ball training Mr it. Better four who full Congress term. Entire company recognize behind simply claim.', '2023-01-02 17:37:39.245516+00', '2023-01-09 17:37:39.245516+00');
INSERT INTO public.servers VALUES ('b1e3e17f-69d3-4341-aad2-3f0d94b06e9b', '317e4653-ad20-416c-8bf2-b481e8ba99f9', 'Let left special wear college.', 1, 'https://discord.gg/pyubPBkx', 'Audience set that place test despite. Blood expect as yeah. Book number hit war of month kid rise. Research life certainly down.', '2023-01-02 17:37:39.245516+00', '2023-01-09 17:37:39.245516+00');
INSERT INTO public.servers VALUES ('5a0feec4-79d5-423d-ab79-6b84fbba5ff6', '3679d806-3bfa-4733-9974-0f5066e36f9e', 'Institution commercial president.', 2, '211.240.88.52:6697', 'Best attack argue role weight. Economy lot education music interesting political win. Item might truth room end day. With evening place serve shoulder deal listen.', '2023-01-02 17:37:39.245516+00', '2023-01-09 17:37:39.245516+00');
INSERT INTO public.servers VALUES ('2c9cde81-f576-4b23-a5c8-adaf4c9bfb3a', '49307772-f297-4c72-8666-5c5c1f2cf1cc', '[IRC] Air partner travel condition letter how industry marriage.', 4, '17.175.111.217:6697', 'Eye his bed. Response send never big. Relate poor enter role knowledge accept reason. Believe this eat wrong theory. Student heavy few have represent. Husband its consider movement.', '2023-01-02 17:37:39.245516+00', '2023-01-09 17:37:39.245516+00');
INSERT INTO public.servers VALUES ('97881cb0-38ae-4655-98f1-84ad5adff662', '534c0489-3202-4457-94fd-0ed6ae6884ed', '[IRC] Republican the little south up.', 4, '153.229.143.105:6697', 'Who money talk late same each customer deal. Use hotel billion. Increase might machine statement more paper news. Security ago off live today trade. Their medical job film. Miss soon protect local prepare meet move.', '2023-01-02 17:37:39.245516+00', '2023-01-09 17:37:39.245516+00');
INSERT INTO public.servers VALUES ('06eb3f9d-454c-402b-a1b8-3ac43a29ce7d', '3679d806-3bfa-4733-9974-0f5066e36f9e', 'Game adult drop message year break.', 2, '182.10.98.174:6697', 'Above act let concern north over. General join ask. Party he as. Class agree business player. Become laugh artist hard unit production moment.', '2023-01-04 16:23:39.301209+00', '2023-01-11 16:23:39.301209+00');
INSERT INTO public.servers VALUES ('0094b53c-d80a-42d9-9a98-e075fa44b4e5', '49307772-f297-4c72-8666-5c5c1f2cf1cc', 'Threat hot assume true gun me.', 2, '147.168.215.115:6697', 'Current Democrat bed north alone effort. Look skill go per. Worker training meeting property TV language billion sense.', '2023-01-04 16:23:39.301209+00', '2023-01-11 16:23:39.301209+00');
INSERT INTO public.servers VALUES ('fd9f093c-64e1-469a-bbd4-29c15f5d7372', '534c0489-3202-4457-94fd-0ed6ae6884ed', 'Including she team.', 1, 'https://discord.gg/GcnSvijF', 'Trip that beautiful agency president. Wife expert however her draw seven. Back society air cut fly population report alone. Voice commercial none miss. Finally require college trade material water only power. Support society boy account management among.', '2023-01-04 16:23:39.301209+00', '2023-01-11 16:23:39.301209+00');
INSERT INTO public.servers VALUES ('c344b1c3-4c8c-4410-ad3e-1455ad0e1f6c', '3679d806-3bfa-4733-9974-0f5066e36f9e', '[IRC] Assume security behavior weight.', 4, '133.17.74.58:6697', 'Once or visit development break really listen recent. Always hair save group. Address drop material its. It lot example. Near small very soon.', '2023-01-04 16:23:39.301209+00', '2023-01-11 16:23:39.301209+00');
INSERT INTO public.servers VALUES ('2070f8ed-3480-4390-983d-d20884b59c7b', '317e4653-ad20-416c-8bf2-b481e8ba99f9', 'Service yeah center heart sense possible should.', 1, 'https://discord.gg/OnOmmKTC', 'Minute spend stay second assume treatment mention. Case employee total apply exist contain. Child never set argue the say. Little sound approach between answer fact. Head during history nice author professional.', '2023-01-04 16:23:39.301209+00', '2023-01-11 16:23:39.301209+00');
INSERT INTO public.servers VALUES ('a430ff49-1875-43d5-859f-e706a7cea8cd', '3679d806-3bfa-4733-9974-0f5066e36f9e', 'They heavy day analysis write near those.', 1, 'https://discord.gg/zsoSzdHR', 'Loss board smile no now ago reveal. Very police partner beyond news. Remain between ask energy certainly same.', '2023-01-04 16:23:39.301209+00', '2023-01-11 16:23:39.301209+00');
INSERT INTO public.servers VALUES ('da2d8a13-6c9e-4215-9886-11f8b1d496ce', '534c0489-3202-4457-94fd-0ed6ae6884ed', 'Follow however soon score can somebody let.', 2, '203.37.225.96:6697', 'Central perform skin feel. Significant others nation tend significant. Study commercial debate tree technology image box.', '2023-01-04 16:23:39.301209+00', '2023-01-11 16:23:39.301209+00');
INSERT INTO public.servers VALUES ('0beb354c-3a3b-4ce2-ab94-f9ef647f6f12', '49307772-f297-4c72-8666-5c5c1f2cf1cc', 'Concern hair life design you lot.', 2, '177.182.15.32:6697', 'Impact him baby someone spring girl no. House rock couple strategy put deal particular education. Future couple evening kind state sport worker. Admit recently miss learn bed act ask.', '2023-01-04 16:23:39.301209+00', '2023-01-11 16:23:39.301209+00');
INSERT INTO public.servers VALUES ('f77d3dab-341f-4805-9710-1b5eead6ca20', '317e4653-ad20-416c-8bf2-b481e8ba99f9', 'Pass information there offer civil risk.', 2, '104.244.29.51:6697', 'Choose simply and class girl. Reflect information minute. Institution present sing let happy local. Realize nearly floor. Music measure seven billion. Never green throw unit world check police. Almost protect particular speech agency spring later.', '2023-01-04 16:23:39.301209+00', '2023-01-11 16:23:39.301209+00');
INSERT INTO public.servers VALUES ('b605094e-1833-4268-a50c-e5ed3a188d75', '317e4653-ad20-416c-8bf2-b481e8ba99f9', '[IRC] Inside including specific stop wonder.', 4, '27.184.14.251:6697', 'While toward have toward energy woman plan. Bed take too upon page draw. Feel call find their smile. Example camera past I.', '2023-01-04 16:23:39.301209+00', '2023-01-11 16:23:39.301209+00');
INSERT INTO public.servers VALUES ('18114221-6dd8-4b47-a425-ef5204dfcb69', '3679d806-3bfa-4733-9974-0f5066e36f9e', 'Someone support wide safe huge author.', 2, '207.233.108.227:6697', 'Company chance side measure policy. Family citizen reduce Democrat democratic factor manage enough. Project box into student low. Mission rule by treatment. Minute personal say yeah above capital. Much data address measure find.', '2023-01-04 16:23:39.301209+00', '2023-01-11 16:23:39.301209+00');
INSERT INTO public.servers VALUES ('1725c6c5-1d61-43c8-88b8-3155acab0fb9', '3679d806-3bfa-4733-9974-0f5066e36f9e', 'Seat more recognize continue them every.', 1, 'https://discord.gg/phZkTrAD', 'Green relate agree enjoy. Law idea ground. While go improve car front. Course strategy wear.', '2023-01-04 16:23:39.301209+00', '2023-01-11 16:23:39.301209+00');
INSERT INTO public.servers VALUES ('e43e7fd2-a6fc-43ed-9cfd-b045504043a7', '237b5cb9-34b6-4546-8b02-a41da050b28f', 'Name debate weight customer population western.', 2, '208.124.117.106:6697', 'Couple good in five anyone evening structure while. Very security base indeed peace girl. Yard thus new statement last carry grow. He she another moment most fine one. Evening do produce exactly.', '2023-01-04 16:23:39.301209+00', '2023-01-11 16:23:39.301209+00');
INSERT INTO public.servers VALUES ('62a1c4ef-4871-4e98-a014-1fe83558775e', '237b5cb9-34b6-4546-8b02-a41da050b28f', 'Field develop everybody single price sense take reveal.', 2, '216.161.20.199:6697', 'Reveal one represent fall go economy. Light building many computer the summer upon opportunity. Scene push leg most drop child five. Then low heavy itself cost election small.', '2023-01-04 16:23:39.301209+00', '2023-01-11 16:23:39.301209+00');
INSERT INTO public.servers VALUES ('3c747895-b160-48e7-bd0d-2bbf5e07f3d0', '237b5cb9-34b6-4546-8b02-a41da050b28f', 'Project often sign already performance.', 1, 'https://discord.gg/YrHixqSB', 'Sometimes laugh almost defense likely through become. Buy far business research rather sing continue. Receive size include act operation throughout live growth. Bring line increase present record start. Drive former sign history attorney their project.', '2023-01-04 16:23:39.301209+00', '2023-01-11 16:23:39.301209+00');
INSERT INTO public.servers VALUES ('512faa65-4dae-4c10-92b0-196a9c09669d', '49307772-f297-4c72-8666-5c5c1f2cf1cc', 'May suddenly note center choose staff really.', 1, 'https://discord.gg/NdDZODVj', 'Get trip meeting two design. Think win stock thing. Treatment because town way special. Firm seem success end. Police animal drug find open tend half.', '2023-01-04 16:23:39.301209+00', '2023-01-11 16:23:39.301209+00');
INSERT INTO public.servers VALUES ('122a835a-e810-4b2e-9827-bf8904ae9d5d', '3679d806-3bfa-4733-9974-0f5066e36f9e', '[IRC] Energy marriage same tough.', 4, '182.0.254.95:6697', 'Glass another group choose. Off which no medical. Office allow various. Civil right seek cost.', '2023-01-04 16:23:39.301209+00', '2023-01-11 16:23:39.301209+00');
INSERT INTO public.servers VALUES ('d8784238-2f91-473a-a7bf-4517c1e8b732', '49307772-f297-4c72-8666-5c5c1f2cf1cc', 'Fight type service meet operation forget attack.', 2, '149.229.71.82:6697', 'New environment all floor subject gas have level. Game Mrs hope smile attorney approach set. Dinner movie hotel mission data common receive. Race recently court low give. Fast director cultural.', '2023-01-04 16:23:39.301209+00', '2023-01-11 16:23:39.301209+00');
INSERT INTO public.servers VALUES ('de0ac3d7-0c1f-40c5-8182-c7214a01f66e', '3679d806-3bfa-4733-9974-0f5066e36f9e', 'Make heart white success.', 3, '110.106.34.35:6697', 'If send usually that fund appear form. However past must property. Reach account religious part simply. Anything radio support only personal left until front. Whose image tell every section describe itself.', '2023-01-04 16:23:39.301209+00', '2023-01-11 16:23:39.301209+00');
INSERT INTO public.servers VALUES ('4e13f603-cb82-4e3c-8103-2dd5713bbbff', '3679d806-3bfa-4733-9974-0f5066e36f9e', 'Something late entire later treat address whole.', 1, 'https://discord.gg/MZkTOLlS', 'History memory administration could. Get another remember current increase many professional floor. Experience must throughout rule. I third security school drug. Training time store necessary star. Me nor picture nice travel respond administration including.', '2023-01-04 16:23:39.301209+00', '2023-01-11 16:23:39.301209+00');
INSERT INTO public.servers VALUES ('224561f0-6e5a-45f7-9ee5-74a24bb52791', '534c0489-3202-4457-94fd-0ed6ae6884ed', 'Soldier visit few.', 1, 'https://discord.gg/qlAHAKne', 'Always benefit thing event image growth likely. Nation street change case tree. Call probably product contain. Institution recognize child east another design art work. Expect yeah while ball reason any learn travel.', '2023-01-02 17:37:49.917163+00', '2023-01-09 17:37:49.917163+00');
INSERT INTO public.servers VALUES ('3439d845-25a7-4f80-917d-963f99e63161', '49307772-f297-4c72-8666-5c5c1f2cf1cc', 'Media hot remember move.', 1, 'https://discord.gg/OrXFNnfj', 'Bank glass space career small project force entire. Compare practice goal board. Education hand travel degree.', '2023-01-02 17:37:49.917163+00', '2023-01-09 17:37:49.917163+00');
INSERT INTO public.servers VALUES ('77f0fffb-38d4-4cdd-a9ee-3cbac859f567', '317e4653-ad20-416c-8bf2-b481e8ba99f9', 'American continue federal water within shoulder.', 2, '74.56.63.223:6697', 'Bill store sense east. Finish executive realize beautiful. Evening yard them debate such crime. Start deep of style pretty. Agree sense to sell pay sister.', '2023-01-02 17:37:49.917163+00', '2023-01-09 17:37:49.917163+00');
INSERT INTO public.servers VALUES ('9192d196-ec63-4dc6-909f-d08eb41e74b2', '534c0489-3202-4457-94fd-0ed6ae6884ed', 'Get stop everything career section recently.', 1, 'https://discord.gg/kcfONIWa', 'Night white security on house yes executive. Popular agree field cut whose science Mr few. Then quite heavy without at.', '2023-01-02 17:37:49.917163+00', '2023-01-09 17:37:49.917163+00');
INSERT INTO public.servers VALUES ('2d2e98f9-0600-43d4-bd50-1dc06c94e848', '237b5cb9-34b6-4546-8b02-a41da050b28f', 'Spend recent he.', 1, 'https://discord.gg/RdqTqyhu', 'Chair then my despite next forget begin. Start pattern carry mouth animal law success. Heart agree risk anyone last example article. Year exactly leg range how by economic. Lose style top above parent although. Address movement season by design.', '2023-01-02 17:37:49.917163+00', '2023-01-09 17:37:49.917163+00');
INSERT INTO public.servers VALUES ('0d49cea2-d5a4-4915-8a19-d9e392543123', '237b5cb9-34b6-4546-8b02-a41da050b28f', 'Strategy foreign top and party reduce.', 1, 'https://discord.gg/YMWTAcoX', 'Rich court institution amount Mr understand. Accept including staff popular dark. Item much pay practice knowledge strategy. Year occur seek involve dream around mean. Majority bag nature last side suddenly organization. Thus camera development.', '2023-01-04 16:23:39.301209+00', '2023-01-11 16:23:39.301209+00');
INSERT INTO public.servers VALUES ('7e07d028-2833-4a1e-98a6-e6b53dad889a', '3679d806-3bfa-4733-9974-0f5066e36f9e', 'I pattern mean coach something spring good.', 2, '75.179.33.108:6697', 'Provide picture fly go happy. Senior plant painting cultural cover provide. Or nothing race note week. Network any large sing they woman. Including class apply author almost stay middle left.', '2023-01-04 16:23:39.301209+00', '2023-01-11 16:23:39.301209+00');
INSERT INTO public.servers VALUES ('e7b23f41-85ec-4ac6-a953-05f5e4efa1d8', '49307772-f297-4c72-8666-5c5c1f2cf1cc', 'Second more anyone hot decide Mrs book.', 1, 'https://discord.gg/wsNOtqFx', 'Material real marriage organization member. Red statement ago along rule night. Region son middle important. Several single try rate red better understand.', '2023-01-04 16:23:39.301209+00', '2023-01-11 16:23:39.301209+00');
INSERT INTO public.servers VALUES ('3cc620cd-c65f-4e38-8810-a900912b1f6d', '3679d806-3bfa-4733-9974-0f5066e36f9e', 'Foreign science these detail.', 2, '3.45.164.66:6697', 'Important difference always maybe citizen bring. Write investment room bank again. Final low agree local piece trouble training commercial. Book generation ground attorney never remain.', '2023-01-04 16:23:39.301209+00', '2023-01-11 16:23:39.301209+00');
INSERT INTO public.servers VALUES ('04869aa2-fffe-472f-9754-1f2a6fc21d90', '49307772-f297-4c72-8666-5c5c1f2cf1cc', 'Throughout thought low truth study.', 1, 'https://discord.gg/LXeERXxb', 'Never finally send performance inside enter word. Half must benefit appear point treat. White pull system skin discussion. Important another matter bank. Information project rise pattern.', '2023-01-04 16:23:39.301209+00', '2023-01-11 16:23:39.301209+00');
INSERT INTO public.servers VALUES ('e059bef2-1050-4c3e-89eb-1ea6d46b0ed2', '317e4653-ad20-416c-8bf2-b481e8ba99f9', 'Deep force bank evening.', 1, 'https://discord.gg/JzJHRSpT', 'Least so tell meet. Indeed including something law better owner. Surface out result mouth term.', '2023-01-04 16:23:39.301209+00', '2023-01-11 16:23:39.301209+00');
INSERT INTO public.servers VALUES ('ddd91eb4-6e90-467b-8365-035bfa7ef6db', '3679d806-3bfa-4733-9974-0f5066e36f9e', 'Response million value four.', 2, '217.44.202.2:6697', 'A fight particularly term read product wear summer. Example Democrat right market court wait turn. Vote single pull name front represent. Mrs natural federal thousand instead. Mouth throughout remember visit ten method. Song let father what test really letter quality.', '2023-01-04 16:23:39.301209+00', '2023-01-11 16:23:39.301209+00');
INSERT INTO public.servers VALUES ('12d0ca68-32b7-48f7-9515-0e2aba083759', '534c0489-3202-4457-94fd-0ed6ae6884ed', 'Rich job grow minute age by.', 1, 'https://discord.gg/PJlQadoa', 'Design on avoid. Truth central beyond world piece character media. Especially poor life add together over. Whole open mother resource artist set. Pattern rule car system region wish.', '2023-01-04 16:23:39.301209+00', '2023-01-11 16:23:39.301209+00');
INSERT INTO public.servers VALUES ('18b0e86c-5b3d-4ccc-9a64-60da24760ad9', '534c0489-3202-4457-94fd-0ed6ae6884ed', '[IRC] Political into happy benefit best.', 4, '165.93.144.70:6697', 'Base serious me state. Level live him do child. More those well. Treatment part carry employee pattern hope. Situation past record vote political control.', '2023-01-04 16:23:39.301209+00', '2023-01-11 16:23:39.301209+00');
INSERT INTO public.servers VALUES ('99f920a6-a18e-45d8-8e07-c2f3c8d8dd15', '3679d806-3bfa-4733-9974-0f5066e36f9e', '[IRC] Bring task ago practice close many.', 4, '104.20.250.206:6697', 'Simply phone well budget also name involve. It he herself onto. Wear though fast seat that carry. Yard around capital.', '2023-01-04 16:23:39.301209+00', '2023-01-11 16:23:39.301209+00');
INSERT INTO public.servers VALUES ('0d9de6d0-61a4-4305-81b0-df0c514d199a', '49307772-f297-4c72-8666-5c5c1f2cf1cc', '[IRC] Born writer people record on those.', 4, '167.30.65.178:6697', 'Policy last ago big student lay general. She agreement nor attention range war. Society suffer space trouble table industry. Ground evening staff. General accept today produce place teach.', '2023-01-04 16:23:39.301209+00', '2023-01-11 16:23:39.301209+00');
INSERT INTO public.servers VALUES ('59f10db7-eb78-429f-ba5c-6d6cb790eabf', '534c0489-3202-4457-94fd-0ed6ae6884ed', 'Street inside across.', 2, '159.235.175.242:6697', 'Structure institution draw wind. Add listen Republican large believe. Else material environment as.', '2023-01-04 16:23:39.301209+00', '2023-01-11 16:23:39.301209+00');
INSERT INTO public.servers VALUES ('522e227a-9756-4f6d-8701-6bd06d147cde', '317e4653-ad20-416c-8bf2-b481e8ba99f9', 'Sound even sport mother why management.', 1, 'https://discord.gg/mCtCFsXU', 'Artist large thought either floor dinner list about. Animal door left then young get go. Free lose pull both. Agreement they figure teacher bed blood material.', '2023-01-04 16:23:39.301209+00', '2023-01-11 16:23:39.301209+00');
INSERT INTO public.servers VALUES ('0603cf53-fa0f-4173-8138-f07a2173a7fa', '49307772-f297-4c72-8666-5c5c1f2cf1cc', 'Power close tough hundred follow push control arrive.', 1, 'https://discord.gg/fgWmOcif', 'Laugh per skin edge those key imagine. Dream feel people develop air their father economic. Man away tend still. Nothing return certain could.', '2023-01-04 16:23:39.301209+00', '2023-01-11 16:23:39.301209+00');
INSERT INTO public.servers VALUES ('b7a844f8-acc2-43f0-b7f3-92fbae584551', '317e4653-ad20-416c-8bf2-b481e8ba99f9', 'Plant watch enter recently north.', 1, 'https://discord.gg/dLyuLiLJ', 'Price job half east future. Mouth protect professor care end let certain. Individual he unit measure upon. Age field yourself thought. Tonight but thus trade seek easy to.', '2023-01-04 16:23:39.301209+00', '2023-01-11 16:23:39.301209+00');
INSERT INTO public.servers VALUES ('49e65a0d-9dd3-4c4b-bcea-c97574674ec4', '49307772-f297-4c72-8666-5c5c1f2cf1cc', 'Forward continue support military detail fund soon.', 2, '32.105.33.71:6697', 'Reduce as central book. Old parent spring everybody this student. Maintain sense stock player amount. Leg seek similar off somebody institution. Positive forget same easy. Represent travel method there station.', '2023-01-04 16:23:39.301209+00', '2023-01-11 16:23:39.301209+00');
INSERT INTO public.servers VALUES ('8940caf2-23d3-4cb6-a2b8-6a426fa054a3', '3679d806-3bfa-4733-9974-0f5066e36f9e', 'Fact need investment simply act subject color.', 2, '215.194.200.216:6697', 'Indeed us wind. Hit between hotel coach likely week. Both beat wide. Modern fire garden entire hard wonder. Ahead nor skill wrong. So success role room player concern short.', '2023-01-04 16:23:39.301209+00', '2023-01-11 16:23:39.301209+00');
INSERT INTO public.servers VALUES ('bf649af9-151f-47d8-8855-71c0ba890373', '317e4653-ad20-416c-8bf2-b481e8ba99f9', 'To parent chair remain.', 2, '206.111.9.16:6697', 'Vote general off sometimes toward maybe can. Democrat five the possible fact. Finally long kind. Someone lawyer group economic stock product.', '2023-01-04 16:23:39.301209+00', '2023-01-11 16:23:39.301209+00');
INSERT INTO public.servers VALUES ('6db28cc3-b67e-4888-a47d-6edb3499633b', '3679d806-3bfa-4733-9974-0f5066e36f9e', 'Reality or tonight well visit task simply.', 1, 'https://discord.gg/FXKCNLnA', 'Certainly up article pass. Production I market particularly idea herself. Interview her sound join small accept back.', '2023-01-04 16:23:39.301209+00', '2023-01-11 16:23:39.301209+00');
INSERT INTO public.servers VALUES ('9acaa59a-865b-495a-b078-9c159fcd1578', '534c0489-3202-4457-94fd-0ed6ae6884ed', '[IRC] However people cup report whether life.', 4, '81.190.27.2:6697', 'Pick mind actually wall perhaps million look your. Every third like save reason we. Especially town public write offer area. Care between film real probably. Authority day simply point coach mother although spring.', '2023-01-04 16:23:39.301209+00', '2023-01-11 16:23:39.301209+00');
INSERT INTO public.servers VALUES ('255577db-9c41-40b7-978b-ad15ee8129c4', '534c0489-3202-4457-94fd-0ed6ae6884ed', 'Treatment song tell forward in.', 1, 'https://discord.gg/yrdGIZoR', 'Them later consumer sometimes time up. Right son production next fly. Item turn charge.', '2023-01-02 17:37:58.624935+00', '2023-01-09 17:37:58.624935+00');
INSERT INTO public.servers VALUES ('c0520487-e1a6-45aa-a28a-7010ba63e3b8', '3679d806-3bfa-4733-9974-0f5066e36f9e', 'Prepare specific participant voice.', 1, 'https://discord.gg/TQZdSMKp', 'Past sound machine doctor research. He standard force about. Before whole live choice far than. Tough tough point back eye always change. Rule entire throughout provide.', '2023-01-02 17:37:58.624935+00', '2023-01-09 17:37:58.624935+00');
INSERT INTO public.servers VALUES ('6fbbc5a8-3f7f-45f1-9e91-15ad333b947a', '237b5cb9-34b6-4546-8b02-a41da050b28f', 'Boy lose part nice break something.', 1, 'https://discord.gg/nIMNYRmf', 'Your beautiful ball green these fly where serve. These those difference thought meeting. Down line myself pattern. Better choice arm.', '2023-01-02 17:37:58.624935+00', '2023-01-09 17:37:58.624935+00');
INSERT INTO public.servers VALUES ('ce7a6d22-f3aa-4cd9-ad93-eb1d245f4d58', '317e4653-ad20-416c-8bf2-b481e8ba99f9', '[IRC] Pay wrong picture police team.', 4, '173.203.37.24:6697', 'Past billion concern in through range. Prove might trouble girl hair approach. Structure coach pressure speak six you. Himself production senior garden time too. Possible manager choice though second discussion.', '2023-01-02 17:37:58.624935+00', '2023-01-09 17:37:58.624935+00');
INSERT INTO public.servers VALUES ('719df397-95a4-4161-9e5a-0dd720620126', '237b5cb9-34b6-4546-8b02-a41da050b28f', '[IRC] Itself stand change popular sing bar artist front.', 4, '171.61.63.63:6697', 'Cover never someone technology someone find health. Several despite ability event successful available each. Tax young beautiful expert note.', '2023-01-02 17:37:58.624935+00', '2023-01-09 17:37:58.624935+00');
INSERT INTO public.servers VALUES ('97ebfb30-3c71-495b-a5f8-85cc2a17b040', '237b5cb9-34b6-4546-8b02-a41da050b28f', 'Most help quality such forward plant everybody choice.', 2, '112.208.48.162:6697', 'Issue big should similar model. Summer when ground sing business material. Ground air true there opportunity. Rich including do have.', '2023-01-02 17:37:58.624935+00', '2023-01-09 17:37:58.624935+00');
INSERT INTO public.servers VALUES ('90555eba-1952-42f4-ac80-8c7ced56894a', '317e4653-ad20-416c-8bf2-b481e8ba99f9', 'College but during step.', 2, '20.153.157.61:6697', 'Information reveal soldier less future wife. Last beyond mouth positive leader available. Ground collection sit physical free which her. Culture rather edge inside mention. Notice meet affect draw laugh. Trade window light control beat return.', '2023-01-02 17:37:58.624935+00', '2023-01-09 17:37:58.624935+00');
INSERT INTO public.servers VALUES ('ab46f95d-dc76-42ea-92b3-cbdb18b2224c', '534c0489-3202-4457-94fd-0ed6ae6884ed', 'Magazine single well everything price sell important.', 1, 'https://discord.gg/DJngmHpx', 'Lay sense say so where word. Describe education forget outside. Position side full name only heavy edge.', '2023-01-02 17:37:58.624935+00', '2023-01-09 17:37:58.624935+00');
INSERT INTO public.servers VALUES ('071c3fd2-04f1-4d29-a399-57362c1f1b3e', '3679d806-3bfa-4733-9974-0f5066e36f9e', '[IRC] How remember picture foot difference above.', 4, '106.95.55.226:6697', 'Among heavy me job lawyer probably. Act successful seat long. Hard from least thousand area left defense.', '2023-01-02 17:37:58.624935+00', '2023-01-09 17:37:58.624935+00');
INSERT INTO public.servers VALUES ('68ba30e0-0aa2-4aab-8d84-a231847b8bec', '3679d806-3bfa-4733-9974-0f5066e36f9e', '[IRC] Table whatever buy his.', 4, '120.138.124.66:6697', 'Miss while good hard. Part phone crime although painting. Month talk candidate garden new charge.', '2023-01-02 17:37:58.624935+00', '2023-01-09 17:37:58.624935+00');
INSERT INTO public.servers VALUES ('53c10462-4e3e-42c5-8593-e17c2fbdc437', '534c0489-3202-4457-94fd-0ed6ae6884ed', '[IRC] In from travel simply increase.', 4, '212.17.45.70:6697', 'Impact want treatment. Impact his structure tonight building. Movie attorney century less save. System sort try lay democratic bad. Hotel game show fight us movement. Article finish campaign need.', '2023-01-02 17:37:58.624935+00', '2023-01-09 17:37:58.624935+00');
INSERT INTO public.servers VALUES ('10ec665c-ea0a-45b5-9104-2fc7a9548183', '49307772-f297-4c72-8666-5c5c1f2cf1cc', '[IRC] Performance sense before politics everybody fish occur.', 4, '199.79.71.11:6697', 'City too tell ball never tax. Agent wait box research way know wish. Color choice heavy player company. Artist voice recently. Stock make common officer per. Strong environment attention economic back major. See allow still try.', '2023-01-02 17:37:58.624935+00', '2023-01-09 17:37:58.624935+00');
INSERT INTO public.servers VALUES ('523f7567-cd3a-49b0-b5ee-47b0b3215152', '49307772-f297-4c72-8666-5c5c1f2cf1cc', '[IRC] Director perform region lead.', 4, '217.132.37.85:6697', 'Itself rule also situation imagine finally. Cell successful finish real interesting. Set bar major. North they certainly soon bar. Economic although quality seek.', '2023-01-02 17:37:58.624935+00', '2023-01-09 17:37:58.624935+00');
INSERT INTO public.servers VALUES ('a0b43aa9-7871-428c-843e-edcb08539480', '317e4653-ad20-416c-8bf2-b481e8ba99f9', '[IRC] Picture alone pass upon.', 4, '216.131.186.172:6697', 'Movement bill network place land. Story security style white manage billion every. Recognize support several into identify success each arm.', '2023-01-02 17:37:58.624935+00', '2023-01-09 17:37:58.624935+00');
INSERT INTO public.servers VALUES ('d8f2d3f3-027a-4e98-abe5-d2ac6b806c0d', '534c0489-3202-4457-94fd-0ed6ae6884ed', 'Floor during then draw sort despite father.', 2, '119.4.128.14:6697', 'Risk recent begin first. Record operation better visit. Minute night study foreign Democrat its he. Necessary deal thought before although exactly personal himself. Available health remain.', '2023-01-02 17:37:58.624935+00', '2023-01-09 17:37:58.624935+00');
INSERT INTO public.servers VALUES ('8ac38be0-b377-461c-8d81-3555ac878fc4', '317e4653-ad20-416c-8bf2-b481e8ba99f9', 'Ball bad sure town throughout blood.', 2, '168.95.92.8:6697', 'Experience people item coach describe plan chair hand. According develop agent remember himself activity again. No manager page military of skin make. Office save trip rule language guess. Expect staff occur you through. Feel increase finish meet rate brother.', '2023-01-02 17:37:58.624935+00', '2023-01-09 17:37:58.624935+00');
INSERT INTO public.servers VALUES ('5499d8e9-d303-4ac7-a4ad-6c60bddcf5d9', '49307772-f297-4c72-8666-5c5c1f2cf1cc', 'Million clear recent store church land community.', 2, '177.138.38.126:6697', 'Might move prepare stuff kitchen news. Indeed suddenly rich word bag scientist. Then away agency skill animal. About read without improve safe late. Standard along entire back she food important. Son against meeting short because. Church participant table eat record whom question.', '2023-01-02 17:37:58.624935+00', '2023-01-09 17:37:58.624935+00');
INSERT INTO public.servers VALUES ('0a2d946b-db7c-4189-89c5-38b2fa83745e', '3679d806-3bfa-4733-9974-0f5066e36f9e', '[IRC] Ask hand probably myself fall team.', 4, '135.151.87.242:6697', 'Free surface civil first ask cultural around bank. Stay up edge government happen after watch. Democrat under crime trouble space perhaps.', '2023-01-02 17:37:58.624935+00', '2023-01-09 17:37:58.624935+00');
INSERT INTO public.servers VALUES ('3b58b231-b082-4480-9c01-fb62b49e5532', '49307772-f297-4c72-8666-5c5c1f2cf1cc', 'Clear major end college above.', 2, '66.56.75.209:6697', 'Scientist radio room watch star difficult poor. Able far science. Sometimes air hair. Simple these game wide town moment feel.', '2023-01-02 17:37:58.624935+00', '2023-01-09 17:37:58.624935+00');
INSERT INTO public.servers VALUES ('b74d3c9a-d21e-4858-9c71-3a8f8a1dfbcb', '3679d806-3bfa-4733-9974-0f5066e36f9e', 'Authority produce artist accept.', 2, '170.16.142.85:6697', 'Nice exactly prevent control less. Begin success support although task debate. Firm teacher easy difficult difficult from. Stop form which school billion sport.', '2023-01-02 17:37:58.624935+00', '2023-01-09 17:37:58.624935+00');
INSERT INTO public.servers VALUES ('1eddb991-87ca-4a37-8855-a28bad44eca3', '3679d806-3bfa-4733-9974-0f5066e36f9e', 'Federal foot continue girl.', 2, '198.128.9.168:6697', 'Window claim kind. Down bag assume single. Foreign throughout husband land deep language television. Attention decide result interview type dark research Republican. Truth country culture government kitchen five from.', '2023-01-02 17:37:58.624935+00', '2023-01-09 17:37:58.624935+00');
INSERT INTO public.servers VALUES ('ce38dbbc-07f2-453a-a36c-d50ad32ca2c7', '49307772-f297-4c72-8666-5c5c1f2cf1cc', 'Clearly scientist improve series individual southern improve.', 2, '223.178.113.1:6697', 'Professional hour book this loss. Wonder fund see type throw around not thought. Read human possible serious central full executive. Carry fall wife expect should center. Couple along similar small major water staff.', '2023-01-02 17:37:58.624935+00', '2023-01-09 17:37:58.624935+00');
INSERT INTO public.servers VALUES ('21424416-10d2-4616-b975-454ac15b2cae', '317e4653-ad20-416c-8bf2-b481e8ba99f9', 'Foreign owner have piece.', 1, 'https://discord.gg/cgCmDQam', 'Kitchen north laugh scene. Response main here wonder effect case which. Policy listen each first often. Certainly southern second team home simple.', '2023-01-02 17:37:58.624935+00', '2023-01-09 17:37:58.624935+00');
INSERT INTO public.servers VALUES ('5ba07c73-af43-4db4-a560-200d283739cd', '237b5cb9-34b6-4546-8b02-a41da050b28f', 'Radio present significant science south.', 2, '207.255.224.197:6697', 'Relationship group south. One policy president here finish. Front south participant also. Too worker else become ever teach dream. Company serve executive.', '2023-01-02 17:37:58.624935+00', '2023-01-09 17:37:58.624935+00');
INSERT INTO public.servers VALUES ('d110f049-3c68-49e8-ba67-40a8cd5ff550', '237b5cb9-34b6-4546-8b02-a41da050b28f', 'Voice wind because despite necessary able.', 1, 'https://discord.gg/gtfZWHtm', 'Different person weight chance. Approach animal myself expect process. Hair magazine safe always go hope rather. No relate range security. Hard young history good.', '2023-01-02 17:37:58.624935+00', '2023-01-09 17:37:58.624935+00');
INSERT INTO public.servers VALUES ('626ba2cd-98a6-402e-807f-746e5e1b7885', '317e4653-ad20-416c-8bf2-b481e8ba99f9', 'Issue sometimes within section.', 2, '222.160.99.101:6697', 'Degree candidate own over seek your discussion firm. Certainly work always pick summer against economy. Soldier above continue middle after husband. Color pretty quickly sea become prepare heart.', '2023-01-02 17:37:58.624935+00', '2023-01-09 17:37:58.624935+00');
INSERT INTO public.servers VALUES ('889bdeee-9238-404b-849d-fa1505c1fa99', '317e4653-ad20-416c-8bf2-b481e8ba99f9', 'Summer wrong open international affect seven decide.', 2, '111.253.233.66:6697', 'Before stage candidate site since while focus. Drive clear early claim. Opportunity tend eye write every wall writer ground. So college past able experience.', '2023-01-02 17:37:58.624935+00', '2023-01-09 17:37:58.624935+00');
INSERT INTO public.servers VALUES ('23819141-4e04-401f-8fb8-069a44bcde7a', '317e4653-ad20-416c-8bf2-b481e8ba99f9', 'War approach task serve rich adult.', 2, '181.194.235.231:6697', 'Plan class inside group. Professional participant continue no find. Wonder himself show material rock represent.', '2023-01-02 17:37:58.624935+00', '2023-01-09 17:37:58.624935+00');
INSERT INTO public.servers VALUES ('227e993b-6cca-4d2d-bb43-95516dbd4b48', '3679d806-3bfa-4733-9974-0f5066e36f9e', 'Law country set range.', 1, 'https://discord.gg/vREMydHu', 'Address sister exist lawyer. Economy also several anyone sign after during. Total effect listen enter hand necessary after. Be Mrs professor ask threat song blue. Green bill author process generation me. To young not never.', '2023-01-02 17:37:58.624935+00', '2023-01-09 17:37:58.624935+00');
INSERT INTO public.servers VALUES ('3468fd94-cd3a-4564-85f2-139dcbac7d41', '49307772-f297-4c72-8666-5c5c1f2cf1cc', 'Admit speech each lose.', 2, '177.217.202.248:6697', 'Big capital candidate. Get along expert image power old raise. Such agree with eat particularly hundred. Action raise parent. Evidence crime Republican maintain capital can she.', '2023-01-02 17:37:58.624935+00', '2023-01-09 17:37:58.624935+00');
INSERT INTO public.servers VALUES ('0e563d6f-1ef3-46c1-a5eb-0b46c4cd5003', '49307772-f297-4c72-8666-5c5c1f2cf1cc', 'I culture hard myself end.', 2, '181.253.207.36:6697', 'Recently bring admit she issue. Well clearly seven place. Method lay middle star method huge recently stand. Hundred no risk store force result first. Weight must between around.', '2023-01-02 17:37:58.624935+00', '2023-01-09 17:37:58.624935+00');
INSERT INTO public.servers VALUES ('ca45b24c-bf01-4b59-a294-f9f51e9964f5', '534c0489-3202-4457-94fd-0ed6ae6884ed', 'Eat church amount late home watch.', 1, 'https://discord.gg/fILMZOsv', 'Prove east second true huge feel ball. Newspaper agent campaign skill send. Threat better specific catch step color.', '2023-01-02 17:37:58.624935+00', '2023-01-09 17:37:58.624935+00');
INSERT INTO public.servers VALUES ('176db86b-58db-4552-b2dc-04f2c0d14734', '3679d806-3bfa-4733-9974-0f5066e36f9e', 'Life tree nation language yet everybody.', 1, 'https://discord.gg/FITEJhhN', 'Under place poor. Foot tree friend bank fact campaign effort. Huge either owner learn. Represent bank center I and color scientist.', '2023-01-02 17:37:58.624935+00', '2023-01-09 17:37:58.624935+00');
INSERT INTO public.servers VALUES ('625d8484-115f-4246-a936-181dc5e3b96f', '317e4653-ad20-416c-8bf2-b481e8ba99f9', '[IRC] Detail pretty religious government.', 4, '163.21.158.13:6697', 'Water film often paper understand. Collection plant only appear public share others. Serious meeting dream professor possible she. Real administration way. Green benefit rule medical ball control mean foreign. Far somebody everything later.', '2023-01-02 17:37:58.624935+00', '2023-01-09 17:37:58.624935+00');
INSERT INTO public.servers VALUES ('760ae3b3-33ae-4717-8240-c0e3eea42c0f', '317e4653-ad20-416c-8bf2-b481e8ba99f9', '[IRC] Card sound arrive process benefit.', 4, '222.87.3.146:6697', 'Laugh trouble notice various issue live. A son blue bank scientist support contain production. Clear concern require chance story. Listen join perform stop. Certainly move or never language hundred strong. Save produce what financial.', '2023-01-02 17:37:58.624935+00', '2023-01-09 17:37:58.624935+00');
INSERT INTO public.servers VALUES ('77ee0a06-4461-419c-9c2e-62aec9678fef', '49307772-f297-4c72-8666-5c5c1f2cf1cc', 'Detail manager garden painting its though respond.', 2, '144.60.89.158:6697', 'South hand civil. Bed itself along mouth whole simple surface. Program ago glass indicate sea natural.', '2023-01-02 17:37:58.624935+00', '2023-01-09 17:37:58.624935+00');
INSERT INTO public.servers VALUES ('1329d05d-75b9-4267-a36f-da1a1088ac57', '317e4653-ad20-416c-8bf2-b481e8ba99f9', 'Some television financial activity admit.', 2, '193.15.206.164:6697', 'Myself last beyond carry identify treat report. Walk recognize drug. Final learn able book among.', '2023-01-02 17:37:58.624935+00', '2023-01-09 17:37:58.624935+00');
INSERT INTO public.servers VALUES ('f494d944-7392-4f17-9395-9a5c5224ca60', '534c0489-3202-4457-94fd-0ed6ae6884ed', 'Part however defense economy.', 1, 'https://discord.gg/pbLqyIMQ', 'Brother others challenge feeling Congress director city soldier. Trade without nation think fund prevent above particularly. Difference young home budget form social. These toward already bed spend as.', '2023-01-02 17:37:58.624935+00', '2023-01-09 17:37:58.624935+00');
INSERT INTO public.servers VALUES ('ef41712d-1db3-480d-a5c4-adc9c6384d05', '3679d806-3bfa-4733-9974-0f5066e36f9e', 'Strategy require five finish.', 2, '210.81.4.224:6697', 'Up three that even back even key. Factor toward important else head. Job make sell guy sure cold. Good condition during three discover sign. Level hour situation ahead.', '2023-01-02 17:37:58.624935+00', '2023-01-09 17:37:58.624935+00');
INSERT INTO public.servers VALUES ('95e7167f-90fb-4155-a3a4-0143faa612af', '534c0489-3202-4457-94fd-0ed6ae6884ed', '[IRC] Better power arrive of.', 4, '37.122.16.156:6697', 'Cultural name our amount walk enough. Beat since economic shake sell work. Station until evidence outside. Trouble off begin instead. During pass detail about.', '2023-01-02 17:37:58.624935+00', '2023-01-09 17:37:58.624935+00');
INSERT INTO public.servers VALUES ('d7f8a3f3-02f7-4e2e-9776-155472e01255', '317e4653-ad20-416c-8bf2-b481e8ba99f9', 'Vote increase start detail environment responsibility another.', 1, 'https://discord.gg/DOFvgnxy', 'Face everybody own charge. Rather life anything food whose least. Perhaps together hit kind. Dog exactly two training. Close consider add at.', '2023-01-02 17:37:58.624935+00', '2023-01-09 17:37:58.624935+00');
INSERT INTO public.servers VALUES ('5092b755-dd64-4d98-bf4a-d059b96339ad', '3679d806-3bfa-4733-9974-0f5066e36f9e', 'Your rock early fly listen.', 2, '148.248.224.19:6697', 'Federal party through front property. Movement according argue could. Back pattern hair space mean. Someone visit business data. Range tree senior affect particularly adult. Event rich serious authority table American pay kitchen.', '2023-01-02 17:37:58.624935+00', '2023-01-09 17:37:58.624935+00');
INSERT INTO public.servers VALUES ('7eb30ac9-815b-4e78-9c41-48fcac31cfaf', '3679d806-3bfa-4733-9974-0f5066e36f9e', '[IRC] South site always near significant.', 4, '70.13.37.204:6697', 'Meet energy store begin professional add option. Bit consider population everyone. Treat stage building son news. Performance sometimes pick business. Magazine Congress current full in deep test. Thing themselves control kitchen truth former.', '2023-01-02 17:37:58.624935+00', '2023-01-09 17:37:58.624935+00');
INSERT INTO public.servers VALUES ('474d2452-d3ee-4880-b382-790c7db28e6a', '534c0489-3202-4457-94fd-0ed6ae6884ed', 'Respond then enough these.', 1, 'https://discord.gg/TIutWkDH', 'Stay per morning dinner shoulder past. Brother her person third despite full. Probably model just order. Off always including along ball outside.', '2023-01-02 17:37:58.624935+00', '2023-01-09 17:37:58.624935+00');
INSERT INTO public.servers VALUES ('68573fa6-2ddd-44f4-b6c8-25d4466b04b4', '237b5cb9-34b6-4546-8b02-a41da050b28f', 'Pm so upon.', 2, '128.188.230.28:6697', 'Focus through attention including security. South wish city open very generation. Conference cultural establish thousand.', '2023-01-02 17:37:58.624935+00', '2023-01-09 17:37:58.624935+00');
INSERT INTO public.servers VALUES ('c52a8e77-d0e3-4248-8035-2634e124ee67', '237b5cb9-34b6-4546-8b02-a41da050b28f', 'Prepare not car wind environmental college government.', 1, 'https://discord.gg/NpnxWNEv', 'Suddenly already mean raise camera. Next will race voice most behavior ok. Yet consider animal exactly pretty find. Finally baby raise child.', '2023-01-02 17:37:58.624935+00', '2023-01-09 17:37:58.624935+00');
INSERT INTO public.servers VALUES ('95cb7a9e-3924-4195-a6ff-0bc162874a71', '49307772-f297-4c72-8666-5c5c1f2cf1cc', 'Land strong present officer then today environment.', 1, 'https://discord.gg/GefGzDIk', 'Hour save fact realize middle improve someone. Poor pattern around audience car. Body rise safe approach task television.', '2023-01-02 17:37:58.624935+00', '2023-01-09 17:37:58.624935+00');
INSERT INTO public.servers VALUES ('683fbd3b-686e-4dc5-8f9c-dd2a9038889b', '237b5cb9-34b6-4546-8b02-a41da050b28f', 'Yes school because reduce executive avoid born.', 2, '220.205.42.195:6697', 'Loss color color instead assume. Analysis rock face fall. Personal alone memory this sort in. Bag thus program really. Weight training participant today.', '2023-01-02 17:37:58.624935+00', '2023-01-09 17:37:58.624935+00');
INSERT INTO public.servers VALUES ('d778ea73-0b2a-48ac-852a-81243b614555', '534c0489-3202-4457-94fd-0ed6ae6884ed', '[IRC] Soldier level require.', 4, '212.204.141.128:6697', 'Should several movement thus deal. Impact middle of sport method. Four as evidence politics tough civil production. Look voice plan continue Republican tell interest.', '2023-01-02 17:37:58.624935+00', '2023-01-09 17:37:58.624935+00');
INSERT INTO public.servers VALUES ('e2c4343a-f2f5-46ea-b204-cdc6e38357e1', '237b5cb9-34b6-4546-8b02-a41da050b28f', '[IRC] Marriage pull set treat test difference bank.', 4, '211.25.231.21:6697', 'Trade senior nothing. Account consumer short these education. Fight itself kitchen Republican. I your international night. Home process series. Have behavior behavior decade.', '2023-01-02 17:37:58.624935+00', '2023-01-09 17:37:58.624935+00');
INSERT INTO public.servers VALUES ('258d9ca0-b193-48e9-9330-64f18f41acb7', '237b5cb9-34b6-4546-8b02-a41da050b28f', 'Western glass summer blood away left.', 2, '57.85.230.7:6697', 'View point bill boy sister level back admit. Paper two identify today. Executive defense notice best thousand. Question high new entire same land push. Scientist certainly course sure production situation show. Character shake design do.', '2023-01-02 17:37:58.624935+00', '2023-01-09 17:37:58.624935+00');
INSERT INTO public.servers VALUES ('39a4249d-087a-4719-8853-e3db35b7bd63', '237b5cb9-34b6-4546-8b02-a41da050b28f', 'Discuss old develop such.', 1, 'https://discord.gg/VEsBYuGi', 'In daughter real then believe pattern. Whom reason according identify base campaign summer. Without hope world street wrong. Interesting response another nice nor team.', '2023-01-02 17:37:58.624935+00', '2023-01-09 17:37:58.624935+00');
INSERT INTO public.servers VALUES ('ab0b6b53-6483-438d-8a15-80b63c3adcfa', '317e4653-ad20-416c-8bf2-b481e8ba99f9', 'Program election study well wide treat about.', 1, 'https://discord.gg/MUbBmHbn', 'Capital clearly cut operation manager memory natural budget. Answer specific huge scientist. Door could field yard. Wide cause particularly know outside also general during. Lay capital cut. Agency also paper carry figure major theory.', '2023-01-02 17:37:58.624935+00', '2023-01-09 17:37:58.624935+00');
INSERT INTO public.servers VALUES ('5750fa9f-9bca-4e49-bfaf-11284c7e8bf4', '317e4653-ad20-416c-8bf2-b481e8ba99f9', 'Could special method ever choice identify industry.', 1, 'https://discord.gg/gtixgknW', 'Day bag sometimes guy picture save positive. Than population challenge budget. Scientist low easy drug. Center rather type deal laugh myself issue. Yeah prove site picture.', '2023-01-02 17:37:58.624935+00', '2023-01-09 17:37:58.624935+00');
INSERT INTO public.servers VALUES ('515a1624-0884-433c-8202-8627ade0ee78', '534c0489-3202-4457-94fd-0ed6ae6884ed', 'Individual front address card.', 2, '193.95.101.114:6697', 'Total material table speech she. Speak star executive good leave person stuff police. Cultural phone to upon. Reveal start art.', '2023-01-02 17:37:58.624935+00', '2023-01-09 17:37:58.624935+00');
INSERT INTO public.servers VALUES ('b85642cd-95b2-4978-98a2-6671c24fac97', '237b5cb9-34b6-4546-8b02-a41da050b28f', 'Whole call remember try threat ok.', 2, '96.136.101.71:6697', 'Responsibility measure body of perform across best. Share majority remember happy build live. Third president home visit guy. Air fact lose.', '2023-01-02 17:37:58.624935+00', '2023-01-09 17:37:58.624935+00');
INSERT INTO public.servers VALUES ('7b7046a0-3eb7-49a5-85e3-c6164eaabe31', '237b5cb9-34b6-4546-8b02-a41da050b28f', 'Hand accept assume Democrat some reduce design big.', 2, '95.150.66.150:6697', 'Central born born step him bag morning. Enjoy race true return. His beautiful who major. Blue visit series action trade. Customer until thousand any cut.', '2023-01-02 17:37:58.624935+00', '2023-01-09 17:37:58.624935+00');
INSERT INTO public.servers VALUES ('a7aed1b7-3696-49de-b8f3-945569f19710', '237b5cb9-34b6-4546-8b02-a41da050b28f', '[IRC] Book general benefit oil billion.', 4, '32.17.211.191:6697', 'Physical stock necessary expert shoulder. Mouth light within medical. Often spring include. Present Mr other value.', '2023-01-02 17:37:58.624935+00', '2023-01-09 17:37:58.624935+00');
INSERT INTO public.servers VALUES ('699b96a8-3b33-43ab-8078-44534224fdf0', '317e4653-ad20-416c-8bf2-b481e8ba99f9', 'His focus five then painting.', 1, 'https://discord.gg/MgWstZKj', 'Able story discover agent old. Back later money produce job interest. My central any garden situation box. Risk so on scientist friend design against before.', '2023-01-02 17:37:58.624935+00', '2023-01-09 17:37:58.624935+00');
INSERT INTO public.servers VALUES ('f86ec1e9-2ba5-4133-8586-56294d019696', '237b5cb9-34b6-4546-8b02-a41da050b28f', 'Interest pretty answer air event cut child wrong.', 2, '69.63.245.0:6697', 'Along physical tax local last administration. Clear thought hair already address board interesting walk. Dinner to fine. Brother ready large off more. Word could since maybe mention expect affect program.', '2023-01-02 17:37:58.624935+00', '2023-01-09 17:37:58.624935+00');
INSERT INTO public.servers VALUES ('82d102bf-23b6-45bb-a935-ee4cccfe63ad', '3679d806-3bfa-4733-9974-0f5066e36f9e', 'Clear interesting class girl.', 1, 'https://discord.gg/ZkcYxPjn', 'Voice anyone choose effort democratic manage. Check rich body society prove field. Recognize while seem. Issue learn include forward stay make professional worker. Wind street condition on happen.', '2023-01-02 17:37:58.624935+00', '2023-01-09 17:37:58.624935+00');
INSERT INTO public.servers VALUES ('6c9dffbb-842b-4ea8-8ad0-9c374b9c4c4b', '49307772-f297-4c72-8666-5c5c1f2cf1cc', 'True moment surface heavy else.', 2, '63.240.166.31:6697', 'Age hotel even. Sell clearly effort never report fight. Born behavior want business including mean itself. Admit whose computer. Animal charge arrive. Available indeed road get difficult shoulder store.', '2023-01-02 17:37:58.624935+00', '2023-01-09 17:37:58.624935+00');
INSERT INTO public.servers VALUES ('998ec887-d3b6-4fc0-b49f-f95437161d0f', '534c0489-3202-4457-94fd-0ed6ae6884ed', 'Condition themselves color glass middle city.', 1, 'https://discord.gg/GAUvqLwx', 'Important today travel capital space wear discover make. Sense deep somebody maintain. Back for tonight send project animal about in. If agent agreement pass daughter citizen. Head just identify race blood probably own. Guess tend process.', '2023-01-02 17:37:58.624935+00', '2023-01-09 17:37:58.624935+00');
INSERT INTO public.servers VALUES ('9cdf6f14-de4a-4831-8b43-13c96b726a98', '237b5cb9-34b6-4546-8b02-a41da050b28f', 'Administration picture everybody Mr risk newspaper hundred.', 1, 'https://discord.gg/chepifGp', 'Main detail candidate start behind bar technology. Half responsibility commercial bank finally. Him recognize lead simple rest include. Rule tax parent win affect discover employee. Also success now key minute.', '2023-01-02 17:37:58.624935+00', '2023-01-09 17:37:58.624935+00');
INSERT INTO public.servers VALUES ('563ed00e-854b-4d72-804b-69e713f5c08b', '3679d806-3bfa-4733-9974-0f5066e36f9e', '[IRC] Finish single process land quite population role.', 4, '184.202.94.248:6697', 'Half push budget lead. Follow animal few administration get. Lead woman key I thank how. Very plan over standard still conference. Relate ten all small. Trip he involve financial.', '2023-01-02 17:37:58.624935+00', '2023-01-09 17:37:58.624935+00');
INSERT INTO public.servers VALUES ('563b8019-0987-43af-8d9e-fb4ef73768b9', '3679d806-3bfa-4733-9974-0f5066e36f9e', 'Their laugh during base.', 1, 'https://discord.gg/RrUmijSn', 'Still expect edge but receive offer. Realize decision crime trouble. Four protect alone reality. Before voice dark education work question.', '2023-01-02 17:37:58.624935+00', '2023-01-09 17:37:58.624935+00');
INSERT INTO public.servers VALUES ('ce766ed3-1a05-48e7-9862-4a15382346fe', '49307772-f297-4c72-8666-5c5c1f2cf1cc', 'Minute far effort deep avoid individual writer.', 1, 'https://discord.gg/akBPgbNC', 'Class explain happy look television oil east. Town above simple crime week financial. Week others he talk. Whether above actually develop. Win suffer item never.', '2023-01-02 17:37:58.624935+00', '2023-01-09 17:37:58.624935+00');
INSERT INTO public.servers VALUES ('e872052b-86cf-4293-972a-4e18070f641b', '3679d806-3bfa-4733-9974-0f5066e36f9e', 'Finish ever street feeling bar trip perhaps.', 1, 'https://discord.gg/tffEcVpA', 'Gas cell new plant develop. Show lawyer a majority discuss four network. Adult argue stage law conference fund rich. Seem wind computer guy maybe war happen order. Line land year age suddenly girl think career. Size cost prepare kitchen dinner and.', '2023-01-02 17:37:58.624935+00', '2023-01-09 17:37:58.624935+00');
INSERT INTO public.servers VALUES ('a0a2b154-9e95-45fe-92d5-d53e4d40638f', '317e4653-ad20-416c-8bf2-b481e8ba99f9', 'Ask here week speak much break front.', 1, 'https://discord.gg/hCngXjEj', 'Out answer however stop piece water let your. Produce seven image kid book. Down participant lose blue far position first. Keep wind compare activity impact claim final. Quite plan final by. Gun wonder radio step right.', '2023-01-02 17:37:58.624935+00', '2023-01-09 17:37:58.624935+00');
INSERT INTO public.servers VALUES ('500bc5f0-bfe2-4634-859e-51cee56fc329', '534c0489-3202-4457-94fd-0ed6ae6884ed', 'College wall research rise meeting campaign.', 3, '205.226.25.26:6697', 'Music toward account dog. Learn green green year. Ball local for choose alone.', '2023-01-02 17:37:58.624935+00', '2023-01-09 17:37:58.624935+00');
INSERT INTO public.servers VALUES ('aa84fef5-2eb0-4e71-ab89-c468a62e5cd7', '317e4653-ad20-416c-8bf2-b481e8ba99f9', 'Attention final win stand feel.', 3, '202.244.188.17:6697', 'Industry per conference music future plan feeling. Maybe crime note play. Worry us force these. Only enter trouble mind professor. Window experience there event radio draw environmental.', '2023-01-04 16:23:39.301209+00', '2023-01-11 16:23:39.301209+00');
INSERT INTO public.servers VALUES ('06ad068e-7e98-4351-bb84-b72aa9cae443', '534c0489-3202-4457-94fd-0ed6ae6884ed', 'Individual eye article paper hear.', 2, '192.226.164.196:6697', 'Traditional blood wish dinner. Identify move question into company role. Hospital away agent forget development kitchen office teach.', '2023-01-04 16:23:39.301209+00', '2023-01-11 16:23:39.301209+00');
INSERT INTO public.servers VALUES ('add8ef62-6097-4e22-b2b2-f8a9b92078f5', '49307772-f297-4c72-8666-5c5c1f2cf1cc', 'Act it society relationship.', 2, '110.244.120.22:6697', 'Peace make way way. Student probably theory maybe over pick. Almost former arrive week usually sea beyond. Story newspaper clear no find film. Up main science him.', '2023-01-04 16:23:39.301209+00', '2023-01-11 16:23:39.301209+00');
INSERT INTO public.servers VALUES ('a30cfee9-1871-467d-bfbc-4f0e9baaf207', '237b5cb9-34b6-4546-8b02-a41da050b28f', 'This series rich perform onto sort western.', 1, 'https://discord.gg/lDcDkEQh', 'Ago surface try not. Design center deep over everyone. Fine many behind.', '2023-01-04 16:23:39.301209+00', '2023-01-11 16:23:39.301209+00');
INSERT INTO public.servers VALUES ('eea09b07-6058-4068-82ec-586716c6f7be', '3679d806-3bfa-4733-9974-0f5066e36f9e', 'Senior best different.', 2, '51.35.141.78:6697', 'Republican front plant network card system loss itself. Already both another stand civil final. Her commercial region kitchen in. Walk policy husband necessary list maybe machine.', '2023-01-04 16:23:39.301209+00', '2023-01-11 16:23:39.301209+00');
INSERT INTO public.servers VALUES ('d36b52af-1bd5-4eef-997b-aa450bcb56ab', '534c0489-3202-4457-94fd-0ed6ae6884ed', 'Report north realize table very film somebody realize.', 1, 'https://discord.gg/gZRFKnzX', 'Reduce structure country. Despite open good. Mouth seat without seat them act surface memory. Relationship avoid forget.', '2023-01-04 16:23:39.301209+00', '2023-01-11 16:23:39.301209+00');
INSERT INTO public.servers VALUES ('efb24a9d-2d88-43ae-8595-5b21852595a8', '317e4653-ad20-416c-8bf2-b481e8ba99f9', 'Partner do cell allow.', 3, '24.78.105.232:6697', 'Bill stop use career ever about low. Less design enough candidate set blue. Dog magazine candidate start wish business kind. Spring before fly hear idea.', '2023-01-04 16:23:39.301209+00', '2023-01-11 16:23:39.301209+00');
INSERT INTO public.servers VALUES ('066f682d-81bc-431c-8a04-26651ab5a4e1', '3679d806-3bfa-4733-9974-0f5066e36f9e', '[IRC] Whom like call player beautiful.', 4, '128.182.67.115:6697', 'First simple fish president keep condition. Pressure together work step particular indicate condition. Other yeah beyond then Mr place. President pretty list down.', '2023-01-04 16:23:39.301209+00', '2023-01-11 16:23:39.301209+00');
INSERT INTO public.servers VALUES ('5220a9b2-718a-42fa-ae33-dbabece9d238', '49307772-f297-4c72-8666-5c5c1f2cf1cc', 'Parent worry public able enjoy modern first.', 1, 'https://discord.gg/RaUCrVvV', 'Worker blue serve visit move sign. Institution new once blue people. Face executive theory summer never prevent become. Next yourself use inside my manager various. Too economic couple up color. Board concern enter.', '2023-01-04 16:23:39.301209+00', '2023-01-11 16:23:39.301209+00');
INSERT INTO public.servers VALUES ('b1e0ac55-a594-4aa3-b40b-a96944c5c1aa', '3679d806-3bfa-4733-9974-0f5066e36f9e', 'Mother company hope also should.', 1, 'https://discord.gg/ZfCuDKwa', 'Budget environment their past. Modern hard child impact southern. Share instead offer art dream also success. Republican agreement three either management forget. Democrat science kid professional three compare number. Customer matter plan quickly capital south down mean.', '2023-01-04 16:23:39.301209+00', '2023-01-11 16:23:39.301209+00');
INSERT INTO public.servers VALUES ('370f5832-89ff-48ae-8d05-64b7880cefdc', '49307772-f297-4c72-8666-5c5c1f2cf1cc', 'Expect where language seem product bit include.', 1, 'https://discord.gg/iAMkBCso', 'Generation affect nation media become Congress business conference. Even success feeling probably. Consumer sister detail discuss. Wife key sit together coach southern security.', '2023-01-04 16:23:39.301209+00', '2023-01-11 16:23:39.301209+00');
INSERT INTO public.servers VALUES ('c5df7034-b967-4664-a083-ebb25df42276', '237b5cb9-34b6-4546-8b02-a41da050b28f', 'Lot knowledge paper.', 3, '34.197.167.165:6697', 'Direction get pick different agreement. Each just all arrive. Green plan man store could current bar above. Worry prove type think build its. North crime choice ask range history charge. Surface person place her beat yeah control night.', '2023-01-04 16:23:39.301209+00', '2023-01-11 16:23:39.301209+00');
INSERT INTO public.servers VALUES ('756f1732-46d2-409a-bf2f-65b0406ea0f0', '237b5cb9-34b6-4546-8b02-a41da050b28f', 'Cover travel agency.', 1, 'https://discord.gg/qWdSIJCT', 'Ground card shake meeting production. Lot quality answer report when must. Down you thus. Consumer body couple hair. Red glass throw environment. South check hour who people season.', '2023-01-04 16:23:39.301209+00', '2023-01-11 16:23:39.301209+00');
INSERT INTO public.servers VALUES ('2b8b1e5c-2cb6-4856-956d-a29ea43e7882', '237b5cb9-34b6-4546-8b02-a41da050b28f', 'Wide really onto lawyer realize easy never.', 2, '197.202.224.30:6697', 'Election because another could alone major. Fine try until body. Like student parent public whole into. Certain skill try.', '2023-01-04 16:23:39.301209+00', '2023-01-11 16:23:39.301209+00');
INSERT INTO public.servers VALUES ('8256acb9-d265-4f70-813e-46342d80b7af', '3679d806-3bfa-4733-9974-0f5066e36f9e', 'National green then all three suddenly feeling actually.', 1, 'https://discord.gg/nJMxlPdo', 'Too small enter. Value property issue apply. Sense dog bar make team relationship.', '2023-01-04 16:23:39.301209+00', '2023-01-11 16:23:39.301209+00');
INSERT INTO public.servers VALUES ('7c46b82b-4a83-49ec-a7d5-db7e8df443cb', '534c0489-3202-4457-94fd-0ed6ae6884ed', '[IRC] Computer standard far building degree focus.', 4, '29.77.118.3:6697', 'Field shake way nothing billion upon treat. Unit figure doctor. Star may sort technology. Thousand onto sing arm country. Manager drop most story great account impact. Stock want wrong in number campaign.', '2023-01-04 16:23:39.301209+00', '2023-01-11 16:23:39.301209+00');
INSERT INTO public.servers VALUES ('36f3dee5-72ec-4793-af3a-e471ae0ea052', '237b5cb9-34b6-4546-8b02-a41da050b28f', '[IRC] Item end college company shoulder course late nice.', 4, '70.120.131.174:6697', 'Plant amount view fact brother method population brother. Whole realize likely forward young. Staff wind produce vote modern enjoy drug. Difference better prevent last support upon economy. Discussion beat his same during ball girl. Page sister realize meeting little against around reduce.', '2023-01-04 16:23:39.301209+00', '2023-01-11 16:23:39.301209+00');
INSERT INTO public.servers VALUES ('dc6a533c-1e28-41bc-bbbb-3e89003385fb', '534c0489-3202-4457-94fd-0ed6ae6884ed', 'Family bag hope order writer memory our six.', 2, '163.184.190.90:6697', 'Future between personal. Small sing once quite education manager human. He various reality fear allow care. Discussion himself while among produce lose you. Will art middle early mind.', '2023-01-04 16:23:39.301209+00', '2023-01-11 16:23:39.301209+00');
INSERT INTO public.servers VALUES ('9438951a-0aaa-4706-aa10-acf72c49e719', '317e4653-ad20-416c-8bf2-b481e8ba99f9', 'Where join since those deal choice.', 2, '117.43.192.241:6697', 'Site technology because face whose. Senior our financial white start learn. National radio floor like heavy.', '2023-01-04 16:23:39.301209+00', '2023-01-11 16:23:39.301209+00');
INSERT INTO public.servers VALUES ('96a58d6b-2f41-4655-8f21-fd2d2fa9055a', '3679d806-3bfa-4733-9974-0f5066e36f9e', '[IRC] Operation world price provide plant natural.', 4, '4.84.3.31:6697', 'Under decade I we north beautiful compare concern. Necessary ahead face raise ask. Financial way writer indeed beat business interesting.', '2023-01-04 16:23:39.301209+00', '2023-01-11 16:23:39.301209+00');
INSERT INTO public.servers VALUES ('d34cbec9-1148-454d-9944-ec6ababe6cd4', '3679d806-3bfa-4733-9974-0f5066e36f9e', 'Direction walk politics shoulder.', 2, '179.103.134.51:6697', 'Scene pretty any author sister wrong fill political. State paper eye shake. Want include well reach. Difficult claim be anyone very third. Mrs board full.', '2023-01-04 16:23:39.301209+00', '2023-01-11 16:23:39.301209+00');
INSERT INTO public.servers VALUES ('7a0d0dd1-7063-4749-a5d0-2d2a7fe44288', '49307772-f297-4c72-8666-5c5c1f2cf1cc', 'Traditional value church back toward vote civil.', 3, '205.83.49.226:6697', 'Whether take attorney begin hit yet. Road send expect of old fill. Everyone run enter as arm. Season foreign skill service bag soon rich second. Hit power travel agency. Away store pull lot provide after.', '2023-01-02 17:37:58.624935+00', '2023-01-09 17:37:58.624935+00');
INSERT INTO public.servers VALUES ('3f86b80b-3a32-4e64-aa12-3a67cf018e69', '3679d806-3bfa-4733-9974-0f5066e36f9e', 'Style say thank according.', 3, '162.148.219.46:6697', 'Leader voice father cost option later who. Analysis light team stuff determine. Budget air yourself think must. Anything assume clear form.', '2023-01-02 17:37:58.624935+00', '2023-01-09 17:37:58.624935+00');
INSERT INTO public.servers VALUES ('021a8c73-0c4f-4d13-9758-b4a594f58a2b', '49307772-f297-4c72-8666-5c5c1f2cf1cc', 'Part a various gas.', 3, '156.226.106.230:6697', 'Direction example read first as. Collection especially relate source toward. Spend interesting here member base size.', '2023-01-02 17:37:58.624935+00', '2023-01-09 17:37:58.624935+00');
INSERT INTO public.servers VALUES ('9f694a25-6005-4eba-aa17-e6aeeaeed740', '3679d806-3bfa-4733-9974-0f5066e36f9e', 'Discuss prepare glass Mrs able his claim.', 3, '177.197.157.149:6697', 'Relate Congress daughter anything. Contain window activity manage. Magazine itself white bag look.', '2023-01-02 17:37:58.624935+00', '2023-01-09 17:37:58.624935+00');
INSERT INTO public.servers VALUES ('629cacc5-45b3-4059-9140-106f48370866', '317e4653-ad20-416c-8bf2-b481e8ba99f9', 'Relate available your like vote.', 3, '216.63.64.34:6697', 'Mother them man word prepare kind. Cut mission create especially. Side who your. Environmental open foreign little explain cell crime. Everything term or body simply while agency.', '2023-01-02 17:37:58.624935+00', '2023-01-09 17:37:58.624935+00');
INSERT INTO public.servers VALUES ('dca04e5f-3c63-469f-87a8-1f1d10c8511f', '237b5cb9-34b6-4546-8b02-a41da050b28f', 'Individual word catch prove consider artist.', 3, '168.95.114.47:6697', 'Successful minute least type player. Term cover finally discuss level. Benefit half claim tonight suddenly they.', '2023-01-02 17:37:58.624935+00', '2023-01-09 17:37:58.624935+00');
INSERT INTO public.servers VALUES ('4cff7e16-1b39-4bef-a2d3-03ce88ec9189', '3679d806-3bfa-4733-9974-0f5066e36f9e', 'Order along across soon approach table.', 3, '151.209.140.175:6697', 'Whole play point everybody southern party how. Raise bed prove because blood. Statement again continue better around reason. Office represent catch.', '2023-01-02 17:37:58.624935+00', '2023-01-09 17:37:58.624935+00');
INSERT INTO public.servers VALUES ('bca36270-22ee-4e49-98b3-441e5722c7af', '317e4653-ad20-416c-8bf2-b481e8ba99f9', 'Direction full receive expert.', 3, '203.183.119.80:6697', 'Little color example wide religious window. Player home need involve stay. Need become development floor. Share never push total after.', '2023-01-02 17:37:58.624935+00', '2023-01-09 17:37:58.624935+00');
INSERT INTO public.servers VALUES ('48fe5df8-3402-4b09-8334-6aadb0776d41', '534c0489-3202-4457-94fd-0ed6ae6884ed', 'Common age affect.', 3, '215.18.21.129:6697', 'Provide man test realize. Prevent similar project main program grow sure. Lead late race.', '2023-01-02 17:37:58.624935+00', '2023-01-09 17:37:58.624935+00');
INSERT INTO public.servers VALUES ('ba33e3d9-f61e-4ed0-9c82-37c24f0354b8', '49307772-f297-4c72-8666-5c5c1f2cf1cc', 'Article in sign morning employee war research.', 3, '152.127.205.11:6697', 'Population crime less force. Everyone end most than difficult. Available pass leave nice result sell. Idea government truth kitchen.', '2023-01-02 17:37:58.624935+00', '2023-01-09 17:37:58.624935+00');
INSERT INTO public.servers VALUES ('6b8378f4-11be-4e28-8d06-634c9da174e2', '237b5cb9-34b6-4546-8b02-a41da050b28f', 'Old structure clear life.', 3, '169.3.232.72:6697', 'Billion memory may challenge job include. General investment risk natural red. Amount this get new instead store situation.', '2023-01-04 16:23:39.301209+00', '2023-01-11 16:23:39.301209+00');
INSERT INTO public.servers VALUES ('66bcb54d-8760-482a-ab0c-9afbcf5d730f', '3679d806-3bfa-4733-9974-0f5066e36f9e', 'Himself film determine subject deal firm.', 2, '145.122.255.16:6697', 'Improve decision method leg. Better argue threat whom hotel. Teacher dog happy company church.', '2023-01-04 16:23:39.301209+00', '2023-01-11 16:23:39.301209+00');
INSERT INTO public.servers VALUES ('13ba39d8-f53f-4d67-97ca-9398bc7318fb', '49307772-f297-4c72-8666-5c5c1f2cf1cc', '[IRC] Career represent evening ability treat answer.', 4, '154.67.24.11:6697', 'Organization approach law exist music check. Good discuss politics part pattern side. Enjoy loss though growth star agent series. Always seven ten central direction usually test night. Shoulder bag laugh human.', '2023-01-04 16:23:39.301209+00', '2023-01-11 16:23:39.301209+00');
INSERT INTO public.servers VALUES ('dbe7feda-9d40-40ac-bbde-2dafa95d64cb', '49307772-f297-4c72-8666-5c5c1f2cf1cc', 'Account none food shoulder.', 2, '156.228.126.67:6697', 'Where region whom writer its. Direction state service. Happen all how identify. Performance interview example education fact home.', '2023-01-04 16:23:39.301209+00', '2023-01-11 16:23:39.301209+00');
INSERT INTO public.servers VALUES ('2b1a9f8c-25f0-46f8-8e7c-b25f9b10f851', '534c0489-3202-4457-94fd-0ed6ae6884ed', 'Listen interesting total green discuss.', 1, 'https://discord.gg/mfYltjfr', 'Me stand information in phone art bring. Fish so conference. Soldier area arm security.', '2023-01-04 16:23:39.301209+00', '2023-01-11 16:23:39.301209+00');
INSERT INTO public.servers VALUES ('78f2ec53-8aac-440a-a970-561154d57e6b', '237b5cb9-34b6-4546-8b02-a41da050b28f', 'Hand cell magazine standard interesting director form.', 2, '63.234.152.29:6697', 'Allow television according pass. At physical already why strategy figure couple. Watch employee have piece.', '2023-01-04 16:23:39.301209+00', '2023-01-11 16:23:39.301209+00');
INSERT INTO public.servers VALUES ('7eb26029-6926-4b1c-a5d7-b9c2d02ff600', '49307772-f297-4c72-8666-5c5c1f2cf1cc', 'Else share would.', 3, '50.182.248.68:6697', 'How second none sell view watch prevent. Challenge dinner financial. Perform evening minute nice career. Look air nearly. Character prove leg assume. Role consumer meet listen identify.', '2023-01-04 16:23:39.301209+00', '2023-01-11 16:23:39.301209+00');
INSERT INTO public.servers VALUES ('e2fa79ca-115f-4102-9c90-caa379bcf617', '237b5cb9-34b6-4546-8b02-a41da050b28f', 'Middle class occur against mind traditional.', 2, '215.14.124.53:6697', 'Team trial late win great. Air everybody can. Lead director since among. Perform sing else travel if.', '2023-01-04 16:23:39.301209+00', '2023-01-11 16:23:39.301209+00');
INSERT INTO public.servers VALUES ('4f0a7fba-4b29-4d39-8fa3-04628f15fee1', '237b5cb9-34b6-4546-8b02-a41da050b28f', 'Information front manager score look consider.', 3, '51.17.255.179:6697', 'North rich speech opportunity leg. Under gas run reason home him. Television rather start great sport discussion because someone. Together sea different seek cell.', '2023-01-04 16:23:39.301209+00', '2023-01-11 16:23:39.301209+00');
INSERT INTO public.servers VALUES ('39c56925-7b87-43b3-b3da-c674c0f66972', '534c0489-3202-4457-94fd-0ed6ae6884ed', 'Collection know student ball.', 1, 'https://discord.gg/onJtZdeL', 'Talk throughout it do. Pull foot it she certainly. Choice claim unit. Now pass will piece.', '2023-01-04 16:23:39.301209+00', '2023-01-11 16:23:39.301209+00');
INSERT INTO public.servers VALUES ('702c291f-d99f-4ead-904b-833b4e4aa0f4', '237b5cb9-34b6-4546-8b02-a41da050b28f', 'Himself kid economic foreign name organization.', 2, '41.240.2.149:6697', 'Grow possible guess realize never. Return rate most word huge party. From food decade sound last military.', '2023-01-04 16:23:39.301209+00', '2023-01-11 16:23:39.301209+00');
INSERT INTO public.servers VALUES ('b512ecc1-9777-4009-a4a8-7d788a369e9c', '237b5cb9-34b6-4546-8b02-a41da050b28f', '[IRC] Several large several newspaper gas.', 4, '19.127.128.59:6697', 'Then product whatever member senior. Live enter cover soon campaign. Activity staff man audience class.', '2023-01-04 16:23:39.301209+00', '2023-01-11 16:23:39.301209+00');
INSERT INTO public.servers VALUES ('0818ff83-4f7c-4e84-9673-c9bc06fd2b1c', '534c0489-3202-4457-94fd-0ed6ae6884ed', 'Significant democratic however couple executive story research.', 2, '219.135.59.207:6697', 'Ever sit war stage you citizen. Onto trouble people finish that management value. Matter trip scene rather receive door enter. Once able value Congress friend they allow. Way will record under move rule real. Address start color scene.', '2023-01-04 16:23:39.301209+00', '2023-01-11 16:23:39.301209+00');
INSERT INTO public.servers VALUES ('17bd1943-e5b9-4edf-b104-9d0c034a0cb8', '534c0489-3202-4457-94fd-0ed6ae6884ed', '[IRC] Chance tree cup begin program tend tonight.', 4, '81.58.38.126:6697', 'Stop walk war community. Successful adult enough involve. Its mother perhaps want born. End idea voice turn. Else lawyer successful fire act blood top. Admit choose drug such foreign.', '2023-01-04 16:23:39.301209+00', '2023-01-11 16:23:39.301209+00');
INSERT INTO public.servers VALUES ('65d4f724-d2f0-4ca3-a135-b84bc1d22772', '3679d806-3bfa-4733-9974-0f5066e36f9e', 'Section event arm travel brother condition assume matter.', 2, '29.195.76.222:6697', 'Ten world coach decide provide include attorney source. Care alone interest. Learn soon stop however west north.', '2023-01-04 16:23:39.301209+00', '2023-01-11 16:23:39.301209+00');
INSERT INTO public.servers VALUES ('3fcf1ad0-4b4d-40f3-b8a1-1faca5229434', '534c0489-3202-4457-94fd-0ed6ae6884ed', 'Gun policy listen soldier.', 3, '145.83.240.213:6697', 'Writer go effort value process. Occur sea bring personal surface rather. Lay improve east. See herself I. Religious others cup road.', '2023-01-04 16:23:39.301209+00', '2023-01-11 16:23:39.301209+00');
INSERT INTO public.servers VALUES ('b8b982ae-4d16-41c8-9c48-105adb99b3d8', '534c0489-3202-4457-94fd-0ed6ae6884ed', 'Off mind lawyer raise.', 2, '192.151.173.154:6697', 'Report lose group quality third item hand. Account skill that become many check woman. Music word pattern grow operation alone each. According much five life company. News week part reduce culture green must. Professional sea time nor these such.', '2023-01-04 16:23:39.301209+00', '2023-01-11 16:23:39.301209+00');
INSERT INTO public.servers VALUES ('17a19de8-ba2b-4f95-b822-f82450bffe9f', '317e4653-ad20-416c-8bf2-b481e8ba99f9', 'Leave know community upon.', 2, '113.41.163.10:6697', 'Hold garden edge whether pay during join. Appear high book final. Spring by our mouth drug back. Little environment pattern despite. National former player trade economy begin professional. Side avoid environmental over what involve born.', '2023-01-04 16:23:39.301209+00', '2023-01-11 16:23:39.301209+00');
INSERT INTO public.servers VALUES ('3d9ad32b-bb07-4e71-b9ae-1ad4b730835b', '237b5cb9-34b6-4546-8b02-a41da050b28f', '[IRC] Feel save north.', 4, '64.52.60.221:6697', 'Student media financial kind do discover certain. Act foreign building add what family. Contain girl myself spring himself. Fund media your see door him free. Back wear school hot. Difficult will trade beautiful of challenge.', '2023-01-04 16:23:39.301209+00', '2023-01-11 16:23:39.301209+00');
INSERT INTO public.servers VALUES ('8e9514f1-ddd0-412c-ad3f-20cc6e177e75', '3679d806-3bfa-4733-9974-0f5066e36f9e', 'Future by system.', 2, '69.253.140.19:6697', 'Successful out box strategy two detail cost. Candidate worry rock break end. Such eight history scene at yet tax morning. Collection Republican believe page establish.', '2023-01-04 16:23:39.301209+00', '2023-01-11 16:23:39.301209+00');
INSERT INTO public.servers VALUES ('3ef95a6d-f884-4f83-af01-738a81723dbc', '3679d806-3bfa-4733-9974-0f5066e36f9e', '[IRC] Drive same last present.', 4, '211.194.203.107:6697', 'This after how now speak newspaper six. Television about whose recent almost evidence. Message or record late realize money. Security really sense doctor name field soldier race. Her offer PM term. Report find who course necessary send majority.', '2023-01-04 16:23:39.301209+00', '2023-01-11 16:23:39.301209+00');
INSERT INTO public.servers VALUES ('c42e9ec3-8bff-4dab-b1cb-7642511ec61e', '49307772-f297-4c72-8666-5c5c1f2cf1cc', '[IRC] Front part view address.', 4, '142.58.147.162:6697', 'Military good community window whole view state. Own dog artist draw body choice act. View bank us within others plant evidence.', '2023-01-04 16:23:39.301209+00', '2023-01-11 16:23:39.301209+00');
INSERT INTO public.servers VALUES ('a83cfd2e-450c-458e-bf43-ea882f481fb3', '317e4653-ad20-416c-8bf2-b481e8ba99f9', 'Easy support scene investment loss.', 2, '201.35.30.192:6697', 'Campaign three team not floor. Season explain drive line. Fall relationship star western avoid body where. Consumer list throughout before edge. Sure ahead son book response. Able win various election across nothing join.', '2023-01-04 16:23:39.301209+00', '2023-01-11 16:23:39.301209+00');
INSERT INTO public.servers VALUES ('85dc7bf7-36c5-4c38-9af8-65d296411211', '49307772-f297-4c72-8666-5c5c1f2cf1cc', 'Health send or middle understand media provide.', 2, '146.250.133.70:6697', 'Similar total second. Speech than fly development worry truth describe art. Fund power development later actually.', '2023-01-04 16:23:39.301209+00', '2023-01-11 16:23:39.301209+00');
INSERT INTO public.servers VALUES ('1dda4a6e-d33a-4379-a116-4c4e25dd487f', '237b5cb9-34b6-4546-8b02-a41da050b28f', 'Not least purpose cultural weight though.', 1, 'https://discord.gg/eupTJlmc', 'Need once safe always example dinner quite. Decide member arrive might star. Skill hear green beautiful. Anything certainly reduce argue accept movement.', '2023-01-04 16:23:39.301209+00', '2023-01-11 16:23:39.301209+00');
INSERT INTO public.servers VALUES ('27a6e19b-c3f0-4520-a8ca-e5a14e7548e3', '534c0489-3202-4457-94fd-0ed6ae6884ed', 'Better phone language movie establish center.', 1, 'https://discord.gg/qGOXmRZR', 'Strategy answer risk media live. Final wear evidence too. Join task arrive. Evidence successful painting night determine. Return democratic character especially add paper rather.', '2023-01-04 16:23:39.301209+00', '2023-01-11 16:23:39.301209+00');
INSERT INTO public.servers VALUES ('b814b3d9-af19-42af-8874-a14cf1863856', '237b5cb9-34b6-4546-8b02-a41da050b28f', 'Pick professor support finally bed.', 3, '73.3.233.163:6697', 'Future occur open. Within usually player likely. Blood mission nature choose majority subject. Daughter certain couple move arrive next issue. Cause bag tax year parent help. Stuff what meet significant job.', '2023-01-04 16:23:39.301209+00', '2023-01-11 16:23:39.301209+00');
INSERT INTO public.servers VALUES ('10dc04e7-53e0-416d-b13e-d792728ae55f', '237b5cb9-34b6-4546-8b02-a41da050b28f', 'Raise discuss me always its event gas.', 3, '177.148.248.103:6697', 'Most both community just. Catch trip account player. Father value operation put someone career project environment. Low wrong maintain.', '2023-01-04 16:23:39.301209+00', '2023-01-11 16:23:39.301209+00');
INSERT INTO public.servers VALUES ('8d2515e3-b37f-42d0-95bb-2a922e80dd83', '3679d806-3bfa-4733-9974-0f5066e36f9e', 'Through whose remember since listen start control talk.', 2, '198.139.142.47:6697', 'Country way pass seven two recently yeah. Nor including real money probably. Mother least investment I. War probably return power authority return. Consumer concern charge example of join. Certain model current major whose go.', '2023-01-04 16:23:39.301209+00', '2023-01-11 16:23:39.301209+00');
INSERT INTO public.servers VALUES ('f7740144-baf8-43d4-a80d-4afee7d44453', '49307772-f297-4c72-8666-5c5c1f2cf1cc', 'Agreement message big democratic black many.', 1, 'https://discord.gg/TRisCcZO', 'Season marriage natural fear air. Exactly education over generation college. You imagine whom cup appear. Trip president ahead music mouth finish friend. Pay available foot guy today key hair.', '2023-01-04 16:23:39.301209+00', '2023-01-11 16:23:39.301209+00');
INSERT INTO public.servers VALUES ('bd8f86c0-f4d5-40fb-aaa1-a5615f47c13f', '3679d806-3bfa-4733-9974-0f5066e36f9e', '[IRC] Over election beyond cover.', 4, '207.13.87.134:6697', 'Establish message tax chair control away public young. Skill her institution enter even eight. Four eat house wish rich main. Within chance firm agreement usually sort. Building determine spend.', '2023-01-04 16:23:39.301209+00', '2023-01-11 16:23:39.301209+00');
INSERT INTO public.servers VALUES ('35446c28-e13f-4d80-b446-655fdc98791a', '49307772-f297-4c72-8666-5c5c1f2cf1cc', 'Far class rock affect black.', 3, '202.133.135.71:6697', 'Stage book reality population parent and support. Number woman ground together gas compare. Design section fine job mean soon. Third also mention few. Attack hope worker quality kitchen. Even federal picture place bring.', '2023-01-04 16:23:39.301209+00', '2023-01-11 16:23:39.301209+00');
INSERT INTO public.servers VALUES ('33f38c81-1fe6-46dc-880a-79a77cf18800', '534c0489-3202-4457-94fd-0ed6ae6884ed', 'Sound environment note data.', 3, '146.22.33.182:6697', 'Car sign quite positive throughout later gas. Mind national seem short along product white. Investment plant blood effort.', '2023-01-04 16:23:39.301209+00', '2023-01-11 16:23:39.301209+00');
INSERT INTO public.servers VALUES ('624687e2-d087-4147-a08b-c21178997c20', '317e4653-ad20-416c-8bf2-b481e8ba99f9', 'Practice interesting dark degree bank.', 1, 'https://discord.gg/ToLOqwyb', 'Push shake environmental opportunity I option. Fill power ball actually weight who fall someone. Thus not peace similar. Republican life weight. Newspaper east without lead cause. Anyone relationship enter season watch.', '2023-01-04 16:23:39.301209+00', '2023-01-11 16:23:39.301209+00');
INSERT INTO public.servers VALUES ('55e6c481-c82f-43b1-aaec-2257738a864e', '3679d806-3bfa-4733-9974-0f5066e36f9e', 'Operation happy change image off religious.', 1, 'https://discord.gg/roWFFrIZ', 'Worker newspaper point. General operation right Republican about Republican. City everything allow. Pick we admit already.', '2023-01-04 16:23:39.301209+00', '2023-01-11 16:23:39.301209+00');
INSERT INTO public.servers VALUES ('35f845d5-3dc2-4ee3-9fc1-0b8e615115cd', '534c0489-3202-4457-94fd-0ed6ae6884ed', '[IRC] Consumer side strong clearly task add make.', 4, '53.4.4.106:6697', 'Turn general onto indicate detail you. Meeting imagine various mouth. She offer phone some various source perform. Cup expect enough cause provide night. According catch determine occur significant trip pick.', '2023-01-04 16:23:39.301209+00', '2023-01-11 16:23:39.301209+00');
INSERT INTO public.servers VALUES ('eb0d17c8-fd21-463b-be72-37083298ed63', '49307772-f297-4c72-8666-5c5c1f2cf1cc', '[IRC] Recognize detail Mrs unit north data idea.', 4, '77.181.73.190:6697', 'Drive even there bad story hundred. Then bad without couple. Several whatever production benefit wish.', '2023-01-04 16:23:39.301209+00', '2023-01-11 16:23:39.301209+00');
INSERT INTO public.servers VALUES ('3b6ac022-da0b-485c-88ae-b7e3c48bc1fd', '237b5cb9-34b6-4546-8b02-a41da050b28f', 'Whole fly rich sure than.', 3, '83.229.63.213:6697', 'You mouth get dinner data. Alone power argue herself security. Know phone may respond. Game claim room money new meet try hold.', '2023-01-04 16:23:39.301209+00', '2023-01-11 16:23:39.301209+00');
INSERT INTO public.servers VALUES ('502a2c46-457f-44ac-b4ef-1b06061096e4', '317e4653-ad20-416c-8bf2-b481e8ba99f9', 'Every take follow Republican feeling clear.', 3, '2.138.58.149:6697', 'Until beat today project career. Then herself feel crime. Reduce production race carry adult high subject enjoy.', '2023-01-04 16:23:39.301209+00', '2023-01-11 16:23:39.301209+00');
INSERT INTO public.servers VALUES ('09d29889-0fe6-43b5-b70c-e5993b8251ea', '534c0489-3202-4457-94fd-0ed6ae6884ed', 'Cost affect tell peace trouble.', 3, '16.148.164.160:6697', 'Simple point you improve serve site rich. Much debate world. Wind detail debate between southern by experience. If value generation entire.', '2023-01-04 16:23:39.301209+00', '2023-01-11 16:23:39.301209+00');
INSERT INTO public.servers VALUES ('45227a11-0aa4-4a1d-823b-5084e30da6ff', '49307772-f297-4c72-8666-5c5c1f2cf1cc', 'Significant clearly voice against hospital.', 1, 'https://discord.gg/GPUtQUhY', 'Trial PM few plan service card make. Training like point stage dark often. Mention live visit street store. Manage catch man development impact. Republican ago husband art focus budget participant. Hand total time bar tree star article.', '2023-01-04 16:23:39.301209+00', '2023-01-11 16:23:39.301209+00');
INSERT INTO public.servers VALUES ('6b7bebb4-0478-4279-bf61-57cfcb6fdc23', '49307772-f297-4c72-8666-5c5c1f2cf1cc', 'Record rich yet read TV reflect.', 1, 'https://discord.gg/fnfozeqX', 'Feel eye amount. Race home whole start. Floor guess avoid hope. Investment be individual risk green. Treatment thus at protect. Available over green yes brother.', '2023-01-04 16:23:39.301209+00', '2023-01-11 16:23:39.301209+00');
INSERT INTO public.servers VALUES ('f675e923-81d4-478c-8d73-5626ccace179', '534c0489-3202-4457-94fd-0ed6ae6884ed', 'Method per condition rather those southern read.', 1, 'https://discord.gg/gsUZKIEk', 'Air marriage career region south. Explain card gas set goal material amount rock. Individual dark wall provide prevent picture single.', '2023-01-04 16:23:39.301209+00', '2023-01-11 16:23:39.301209+00');
INSERT INTO public.servers VALUES ('1f572944-7c56-414d-8f02-a31302e63fe4', '237b5cb9-34b6-4546-8b02-a41da050b28f', 'Early still population suggest east surface.', 2, '209.26.131.20:6697', 'Campaign help property less list vote. Want race do marriage deal direction. See drug election wear seven send ready fish.', '2023-01-04 16:23:39.301209+00', '2023-01-11 16:23:39.301209+00');
INSERT INTO public.servers VALUES ('b2be4054-1583-4929-ae15-367c1103e360', '49307772-f297-4c72-8666-5c5c1f2cf1cc', 'Past might represent eat item government.', 1, 'https://discord.gg/kGUhzbqZ', 'Lay future success north year increase little. Just feel get explain trouble show ground. Much miss money people game.', '2023-01-04 16:23:39.301209+00', '2023-01-11 16:23:39.301209+00');
INSERT INTO public.servers VALUES ('574ce64c-d236-4263-bb9b-e0f24476894d', '534c0489-3202-4457-94fd-0ed6ae6884ed', 'Establish customer ok under.', 1, 'https://discord.gg/Emnhjobr', 'Television member else some suggest base nor. According second second seem Democrat doctor better. Begin drop military. Campaign example over election service each. Result class since certain else talk.', '2023-01-04 16:23:39.301209+00', '2023-01-11 16:23:39.301209+00');
INSERT INTO public.servers VALUES ('06bfedce-de8d-461e-9a62-6c61b4111ae4', '534c0489-3202-4457-94fd-0ed6ae6884ed', 'Ability learn it discuss often about.', 2, '81.90.111.42:6697', 'Matter these fund. Star call keep involve already. Wide easy later talk. Almost fall year. Discuss field bit why drop easy receive.', '2023-01-04 16:23:39.301209+00', '2023-01-11 16:23:39.301209+00');
INSERT INTO public.servers VALUES ('2d260f6e-bf9d-4074-85b9-eff3fdbfa2b6', '49307772-f297-4c72-8666-5c5c1f2cf1cc', '[IRC] Avoid lawyer three hotel.', 4, '3.84.172.55:6697', 'Challenge street finish rate. Such class street heavy performance away whole. Fight against program everyone.', '2023-01-04 16:23:39.301209+00', '2023-01-11 16:23:39.301209+00');
INSERT INTO public.servers VALUES ('91ef5277-ca0f-4a4e-9198-31722250e89a', '534c0489-3202-4457-94fd-0ed6ae6884ed', 'Without every yard door tell different team.', 1, 'https://discord.gg/KZTAzlIf', 'Leader medical present true arrive along similar. Billion moment suggest. Be debate trouble most material role push ready. While do coach job west. Cultural north theory apply development marriage. Century next bed candidate.', '2023-01-04 16:23:39.301209+00', '2023-01-11 16:23:39.301209+00');
INSERT INTO public.servers VALUES ('da1cb353-6930-4274-ab98-623386b8fd22', '317e4653-ad20-416c-8bf2-b481e8ba99f9', '[IRC] Include man current safe return charge environmental cultural.', 4, '223.67.82.47:6697', 'Baby front book race. Contain office possible. We manage attorney position enjoy week together. Language region have business growth develop statement state.', '2023-01-04 16:23:39.301209+00', '2023-01-11 16:23:39.301209+00');
INSERT INTO public.servers VALUES ('1a5780ba-9222-4b71-ad9c-5713e80aaaf3', '237b5cb9-34b6-4546-8b02-a41da050b28f', 'Sing set another save adult draw.', 2, '18.27.6.194:6697', 'Painting sit among imagine short. Happy century with peace dinner. Product oil reflect capital risk. Choice out risk official. Training protect piece trouble Democrat. Forget town support again exist vote small her.', '2023-01-04 16:23:39.301209+00', '2023-01-11 16:23:39.301209+00');
INSERT INTO public.servers VALUES ('80489fab-a31e-4b32-ae9e-3b7364281aa8', '49307772-f297-4c72-8666-5c5c1f2cf1cc', 'Gas me only word environment sister man.', 2, '209.142.139.201:6697', 'Prove security hundred force television other. Across speak blood despite agency. Reduce particularly dream treat. Space protect here listen card room these.', '2023-01-04 16:23:39.301209+00', '2023-01-11 16:23:39.301209+00');
INSERT INTO public.servers VALUES ('054f5180-16f2-41e0-ad21-d7bf56fdc6f8', '534c0489-3202-4457-94fd-0ed6ae6884ed', '[IRC] Still need through purpose rise.', 4, '192.254.63.81:6697', 'Upon door foreign south decision here. Clear part rest road center another last. Move toward opportunity. Near character general professor education couple.', '2023-01-04 16:23:39.301209+00', '2023-01-11 16:23:39.301209+00');
INSERT INTO public.servers VALUES ('93889093-b1d1-4c3e-a9b5-15118ab975ca', '237b5cb9-34b6-4546-8b02-a41da050b28f', 'Our believe above laugh church.', 1, 'https://discord.gg/ZQyVvYfg', 'Up both wish question anything grow up. Alone if simply card receive company. Myself lose rest step.', '2023-01-04 16:23:39.301209+00', '2023-01-11 16:23:39.301209+00');
INSERT INTO public.servers VALUES ('89dbf3e5-1351-4f53-baef-bc4a668ff448', '3679d806-3bfa-4733-9974-0f5066e36f9e', 'Until form push room forget.', 3, '33.130.34.110:6697', 'Strong wait blue carry at land. She there middle focus parent election music. Build office Mrs. Center energy foreign agent sign night he.', '2023-01-04 16:23:39.301209+00', '2023-01-11 16:23:39.301209+00');
INSERT INTO public.servers VALUES ('c982ed58-e2aa-41c8-be39-52badc6d5f69', '237b5cb9-34b6-4546-8b02-a41da050b28f', 'Worker agree direction.', 2, '207.173.239.35:6697', 'Near structure number ok way. Arm until its save. Without involve very difficult. Nothing ask person involve treat rise claim tough. Top moment season sense small who decision appear. Rich actually win meeting phone that.', '2023-01-04 16:23:39.301209+00', '2023-01-11 16:23:39.301209+00');
INSERT INTO public.servers VALUES ('51e4049e-ef4f-4159-95e8-576e9d5fa51d', '534c0489-3202-4457-94fd-0ed6ae6884ed', 'Amount Congress audience debate name despite.', 3, '66.110.86.243:6697', 'Agent event art part guy. Practice north listen never ground position oil. Sure run defense control speak whole. Actually college item. Agency condition sing health woman operation.', '2023-01-04 16:23:39.301209+00', '2023-01-11 16:23:39.301209+00');
INSERT INTO public.servers VALUES ('02ee422f-b431-4fbb-9283-e6c74c3ba2ad', '317e4653-ad20-416c-8bf2-b481e8ba99f9', 'Director like plant attorney.', 2, '222.104.80.115:6697', 'Security population story. Beautiful heart party physical. Your matter friend four field. Local white chance be ten effect true.', '2023-01-04 16:23:39.301209+00', '2023-01-11 16:23:39.301209+00');
INSERT INTO public.servers VALUES ('d28b81aa-c63e-421b-abe3-39dc7249000d', '49307772-f297-4c72-8666-5c5c1f2cf1cc', 'Purpose easy side mother wife old far.', 1, 'https://discord.gg/bIVLElVp', 'Thus avoid character film. Few court direction middle soon real. Unit along decision trip. Conference section piece six agent imagine above certain. Enough public impact investment how issue occur information. Law or role treatment seat enter.', '2023-01-04 16:23:39.301209+00', '2023-01-11 16:23:39.301209+00');
INSERT INTO public.servers VALUES ('c561a991-840e-4061-9ea7-0a1bda7d970b', '534c0489-3202-4457-94fd-0ed6ae6884ed', 'Consider wait number.', 3, '197.188.225.188:6697', 'Want brother successful. Soon describe training road those price rather. Themselves rate can star capital certainly. Director past foreign different scene fine. Middle feeling growth race pretty wear.', '2023-01-04 16:23:39.301209+00', '2023-01-11 16:23:39.301209+00');
INSERT INTO public.servers VALUES ('1291f5cc-641b-48b2-93bf-d1f3e73fd295', '534c0489-3202-4457-94fd-0ed6ae6884ed', 'Some country president natural.', 1, 'https://discord.gg/qHpXCXCg', 'More six look hour whole beyond quickly. Ask scene relationship. Employee decide series move ok until. Control partner instead the. Tell day treatment admit Mr.', '2023-01-04 16:23:39.301209+00', '2023-01-11 16:23:39.301209+00');
INSERT INTO public.servers VALUES ('d6b9a412-b215-4716-bbe3-4afcd1e61e4f', '237b5cb9-34b6-4546-8b02-a41da050b28f', 'Population risk near become.', 1, 'https://discord.gg/CbmbMUTr', 'Age to interview card statement truth member. Civil move treatment major. Save clear fact wonder rate mother control. Standard old those property walk. Sell fly nor technology. To issue apply along performance. Week PM need these forward.', '2023-01-04 16:23:39.301209+00', '2023-01-11 16:23:39.301209+00');
INSERT INTO public.servers VALUES ('4e44263e-f8e7-4838-b65a-2cca27704900', '317e4653-ad20-416c-8bf2-b481e8ba99f9', '[IRC] Eight central with heavy.', 4, '23.69.211.147:6697', 'Southern until thousand open military. Song summer always garden. Design policy cold teach. Every international once though head. Team list truth court each first stay.', '2023-01-04 16:23:39.301209+00', '2023-01-11 16:23:39.301209+00');
INSERT INTO public.servers VALUES ('6deefd62-7a46-4405-9c68-e2191c2199b7', '317e4653-ad20-416c-8bf2-b481e8ba99f9', 'Officer into product wide.', 2, '119.107.116.143:6697', 'President organization serve less argue bit. System source then person address adult before. Right when part worker alone upon. Chance drive way wide.', '2023-01-04 16:23:39.301209+00', '2023-01-11 16:23:39.301209+00');
INSERT INTO public.servers VALUES ('c7002ba5-b86f-4177-9fbb-42ae584d9267', '534c0489-3202-4457-94fd-0ed6ae6884ed', 'Goal big behind let note thank.', 1, 'https://discord.gg/QdFtPHMx', 'Other position see family receive here the. Dream well all sister ever. Administration south your lead he defense talk. State method head matter. Fast simply money smile better report.', '2023-01-04 16:23:39.301209+00', '2023-01-11 16:23:39.301209+00');
INSERT INTO public.servers VALUES ('5c33e6c0-ee60-4331-93f2-8e165476f5ee', '534c0489-3202-4457-94fd-0ed6ae6884ed', 'Physical my if room.', 1, 'https://discord.gg/VsjYKyMm', 'System partner social action. Defense husband area one hotel quickly. Level new fight executive attack. Special subject score show article increase.', '2023-01-04 16:23:39.301209+00', '2023-01-11 16:23:39.301209+00');
INSERT INTO public.servers VALUES ('0bae2398-4fbc-40f2-a45a-9f647a16b438', '49307772-f297-4c72-8666-5c5c1f2cf1cc', 'Produce before surface.', 1, 'https://discord.gg/nZBQmoCe', 'Prevent top special full law book. May wife account door air fill. Environment employee environment talk every raise draw cup. Civil staff figure camera good rule. Accept play less contain within pretty.', '2023-01-04 16:23:39.301209+00', '2023-01-11 16:23:39.301209+00');
INSERT INTO public.servers VALUES ('40df1353-0d8b-45e9-9b6a-f3767280c2c5', '3679d806-3bfa-4733-9974-0f5066e36f9e', 'Rich example these.', 3, '19.71.99.52:6697', 'Series player compare ten plant reveal. Positive agreement this since police certainly seem. Front participant kind develop policy full. Get up wide same.', '2023-01-04 16:23:39.301209+00', '2023-01-11 16:23:39.301209+00');
INSERT INTO public.servers VALUES ('a667aabd-9742-4cca-b6d8-43f48914f9fd', '534c0489-3202-4457-94fd-0ed6ae6884ed', 'Seven center direction third east occur church.', 2, '78.78.70.62:6697', 'Arrive push quickly degree news just shake. Live friend tonight sport interest grow. Language admit relate condition. Themselves nature lay of necessary raise.', '2023-01-04 16:23:39.301209+00', '2023-01-11 16:23:39.301209+00');
INSERT INTO public.servers VALUES ('b03b7ef5-23c9-414b-9622-3fff38627f6d', '3679d806-3bfa-4733-9974-0f5066e36f9e', 'Success read building war.', 1, 'https://discord.gg/ldiCnunB', 'Continue artist society many. Director truth will reality various throughout smile. Behavior visit reflect education list court a. Report hit between. Data century indicate will.', '2023-01-04 16:23:39.301209+00', '2023-01-11 16:23:39.301209+00');
INSERT INTO public.servers VALUES ('944b8509-7a72-4a75-9dc3-2c851c441b83', '317e4653-ad20-416c-8bf2-b481e8ba99f9', 'Keep night require according station.', 2, '147.134.103.215:6697', 'Down finally hour produce. Discuss maintain morning goal. Computer condition modern green place.', '2023-01-04 16:23:39.301209+00', '2023-01-11 16:23:39.301209+00');
INSERT INTO public.servers VALUES ('ae8add1a-6c5d-41d6-9987-280a5f015099', '3679d806-3bfa-4733-9974-0f5066e36f9e', '[IRC] From attorney cultural item however ground.', 4, '39.42.30.104:6697', 'Box imagine change black. Off nice responsibility identify. Approach benefit after general.', '2023-01-04 16:23:39.301209+00', '2023-01-11 16:23:39.301209+00');
INSERT INTO public.servers VALUES ('91e4415b-9c52-4fd5-84b3-5b8637eceb22', '3679d806-3bfa-4733-9974-0f5066e36f9e', 'Effort choice technology past.', 1, 'https://discord.gg/MAbMbSOA', 'Loss because adult range common. However might light concern policy forget they us. Decide stage we small.', '2023-01-04 16:23:39.301209+00', '2023-01-11 16:23:39.301209+00');
INSERT INTO public.servers VALUES ('a2420a11-6359-4364-be9f-85102f37288a', '237b5cb9-34b6-4546-8b02-a41da050b28f', '[IRC] Difficult will leave lawyer.', 4, '184.5.252.1:6697', 'Thought especially less high reflect drop. Position lead through wait admit the a. Agent concern however action money red. Author worker financial message father human.', '2023-01-04 16:23:39.301209+00', '2023-01-11 16:23:39.301209+00');
INSERT INTO public.servers VALUES ('a4a8fdb7-be93-4fc3-8cb5-f3317887e99a', '3679d806-3bfa-4733-9974-0f5066e36f9e', 'Suddenly whose lawyer instead dream.', 2, '215.13.206.228:6697', 'Girl such around officer weight popular. Chance network why. Act drug out wonder. Particularly throughout month card.', '2023-01-04 16:23:39.301209+00', '2023-01-11 16:23:39.301209+00');
INSERT INTO public.servers VALUES ('82a2957e-19b2-49de-bae0-d1ce40648c27', '534c0489-3202-4457-94fd-0ed6ae6884ed', 'Mention small form suggest be own.', 3, '100.52.252.115:6697', 'Suffer address appear shoulder street. Bed hear whom suddenly bag ability interest. Hope challenge recently sell number. Model reveal pass old the. Image population scientist mind firm short. New avoid must prove remain. Popular need scientist.', '2023-01-04 16:23:39.301209+00', '2023-01-11 16:23:39.301209+00');
INSERT INTO public.servers VALUES ('12a26c0f-0446-48d7-86d5-21575ac48352', '3679d806-3bfa-4733-9974-0f5066e36f9e', 'Control friend increase pull option.', 1, 'https://discord.gg/cwehobeS', 'End recently production oil hope important receive. Always play big. That those lead ahead. Away woman miss figure option she. Condition thank ready nature value option other.', '2023-01-04 16:23:39.301209+00', '2023-01-11 16:23:39.301209+00');
INSERT INTO public.servers VALUES ('bdfb9e95-f5f8-496d-882f-2fce0957e479', '534c0489-3202-4457-94fd-0ed6ae6884ed', 'Either bed friend among kitchen.', 2, '158.247.130.37:6697', 'Population its his event over discussion. To evidence little purpose sometimes. Sea sister she attack quite research.', '2023-01-04 16:23:39.301209+00', '2023-01-11 16:23:39.301209+00');
INSERT INTO public.servers VALUES ('781c854e-c2c5-48f8-b261-615bab7d16c4', '49307772-f297-4c72-8666-5c5c1f2cf1cc', 'Campaign too song.', 3, '156.206.16.153:6697', 'Visit perform low stop. Business identify kind size. Me relate structure.', '2023-01-04 16:23:39.301209+00', '2023-01-11 16:23:39.301209+00');
INSERT INTO public.servers VALUES ('f7941903-8a82-471f-a8f5-435b3a02f146', '3679d806-3bfa-4733-9974-0f5066e36f9e', '[IRC] Right class about cause.', 4, '139.14.122.29:6697', 'Miss but last town however. Perform score under marriage late candidate. Reach hundred sort. Go beautiful admit rather.', '2023-01-04 16:23:39.301209+00', '2023-01-11 16:23:39.301209+00');
INSERT INTO public.servers VALUES ('4e3c34e2-f8d6-4f5f-b95a-ccb5da4df92b', '534c0489-3202-4457-94fd-0ed6ae6884ed', 'Create collection health him.', 1, 'https://discord.gg/UzCwRZMw', 'Despite instead everything performance store event someone. Help never get candidate. Statement memory certainly risk million why.', '2023-01-04 16:23:39.301209+00', '2023-01-11 16:23:39.301209+00');
INSERT INTO public.servers VALUES ('2bd1b5d9-ba9f-41fe-a56a-0a2f6895cc7c', '237b5cb9-34b6-4546-8b02-a41da050b28f', 'Do specific around too answer.', 2, '189.19.113.204:6697', 'Dinner test respond with. Quickly very moment drop woman sister. College bar throw different glass campaign. Discuss term reason occur imagine themselves anything. Skin many anything best realize. Idea choose member system mean avoid tough.', '2023-01-04 16:23:39.301209+00', '2023-01-11 16:23:39.301209+00');
INSERT INTO public.servers VALUES ('5beea537-e67a-41c2-91d5-a8fff7004c12', '317e4653-ad20-416c-8bf2-b481e8ba99f9', 'Student ten manager site soldier music dog.', 2, '199.176.189.155:6697', 'Arm local response area choose look go. Eye different decide including also. Evening next conference game TV.', '2023-01-04 16:23:39.301209+00', '2023-01-11 16:23:39.301209+00');
INSERT INTO public.servers VALUES ('6f67401e-6761-40a5-8e8b-14852e36c8a8', '3679d806-3bfa-4733-9974-0f5066e36f9e', '[IRC] Current camera happy perhaps.', 4, '211.4.86.7:6697', 'Expert gun customer southern past form. Business yard together article. Think us interesting action forget. Artist financial daughter hotel find around effort. Whatever up occur stuff role where.', '2023-01-04 16:23:39.301209+00', '2023-01-11 16:23:39.301209+00');
INSERT INTO public.servers VALUES ('a7cab8be-3b49-41a0-87ff-2a5d5cf43239', '317e4653-ad20-416c-8bf2-b481e8ba99f9', 'Finally environmental single.', 2, '40.254.140.198:6697', 'Later minute analysis continue. Class stock different pull stage thank among every. Daughter card despite summer cold follow thing. Fine stand never it. Seat professional policy executive. Create five scene brother along head important key.', '2023-01-04 16:23:39.301209+00', '2023-01-11 16:23:39.301209+00');
INSERT INTO public.servers VALUES ('6702b534-0275-416a-a196-aba6323fa145', '534c0489-3202-4457-94fd-0ed6ae6884ed', 'Three increase son final probably air capital.', 2, '134.196.80.244:6697', 'Decision community operation civil prepare. Once low perhaps none week four particular. Wind pay admit case consider guess appear.', '2023-01-04 16:23:39.301209+00', '2023-01-11 16:23:39.301209+00');
INSERT INTO public.servers VALUES ('39cddf55-60e9-470e-85dd-9ed7a7624acf', '237b5cb9-34b6-4546-8b02-a41da050b28f', 'This four right decade good myself society.', 3, '19.229.73.226:6697', 'Suggest room project international order large manager build. Tend major cup least. Station treatment buy system every.', '2023-01-04 16:23:39.301209+00', '2023-01-11 16:23:39.301209+00');
INSERT INTO public.servers VALUES ('9834928d-2cb4-4b21-9470-3806dfb14e57', '534c0489-3202-4457-94fd-0ed6ae6884ed', 'Him court recent technology still value sign.', 1, 'https://discord.gg/TvcYLvsz', 'Available single war grow edge almost process. Talk fall bit culture environmental around try. Arm sort certain second material music. Up different either alone machine.', '2023-01-04 16:23:39.301209+00', '2023-01-11 16:23:39.301209+00');
INSERT INTO public.servers VALUES ('62140af4-3ad3-4802-b5a2-2e6c3c6a92d8', '3679d806-3bfa-4733-9974-0f5066e36f9e', 'Drop peace continue here low bring go.', 2, '199.122.105.208:6697', 'Daughter religious trade property sometimes article rest time. Themselves finish somebody personal early race south. Perform anyone next trade very buy.', '2023-01-04 16:23:39.301209+00', '2023-01-11 16:23:39.301209+00');
INSERT INTO public.servers VALUES ('699c9bc7-2e78-4955-bc89-5982ddf9d5f6', '49307772-f297-4c72-8666-5c5c1f2cf1cc', 'Reason myself former million finally wonder occur.', 1, 'https://discord.gg/ofsYxtdj', 'One mouth support yeah unit organization including pull. Begin institution dog method consumer process sign. Accept stand buy eight team major. What game also family.', '2023-01-04 16:23:39.301209+00', '2023-01-11 16:23:39.301209+00');
INSERT INTO public.servers VALUES ('785b226e-5f9d-4fdb-bc5d-66c4f13d196d', '534c0489-3202-4457-94fd-0ed6ae6884ed', 'Bank be remain quickly.', 2, '206.228.194.14:6697', 'Though of up side. Easy kid information report strong see lot. Gun can section let goal little certainly. Understand your assume road specific quickly.', '2023-01-04 16:23:39.301209+00', '2023-01-11 16:23:39.301209+00');
INSERT INTO public.servers VALUES ('0443f0a7-2b28-4178-9baf-4245d4cddc15', '49307772-f297-4c72-8666-5c5c1f2cf1cc', '[IRC] Experience range cold tend bring budget.', 4, '182.30.144.243:6697', 'Exist key poor cup soldier today past. Identify technology begin cultural sport exist none. Message design woman seem. Stay community ground run professional water my total.', '2023-01-04 16:23:39.301209+00', '2023-01-11 16:23:39.301209+00');
INSERT INTO public.servers VALUES ('433849bd-0047-437a-b207-03d39d3f0310', '3679d806-3bfa-4733-9974-0f5066e36f9e', '[IRC] Beyond pay certainly hope rather.', 4, '50.35.138.56:6697', 'Compare whom clearly they brother responsibility. Know customer low door memory evening. Shake know whole goal cost seek.', '2023-01-04 16:23:39.301209+00', '2023-01-11 16:23:39.301209+00');
INSERT INTO public.servers VALUES ('35dd5934-ec7a-480f-a0ff-fecedbb6c1fc', '3679d806-3bfa-4733-9974-0f5066e36f9e', '[IRC] Decade song should ten glass gas history.', 4, '152.122.77.155:6697', 'Break method but who only impact travel tell. Or claim democratic form. Not current low we successful sign business. Different summer friend though trip late old above. Drug experience contain yourself research identify summer lay. Hot almost sit why key Republican center partner.', '2023-01-04 16:23:39.301209+00', '2023-01-11 16:23:39.301209+00');
INSERT INTO public.servers VALUES ('abbb109c-d258-47db-bebb-21328d2dc5d1', '49307772-f297-4c72-8666-5c5c1f2cf1cc', 'Traditional their find third play ball grow.', 3, '132.216.205.143:6697', 'Body church purpose shoulder again. General direction music million enjoy glass across. Paper former beyond style.', '2023-01-04 16:23:39.301209+00', '2023-01-11 16:23:39.301209+00');
INSERT INTO public.servers VALUES ('b8ef212b-f808-44d1-9623-c8caee6046d5', '534c0489-3202-4457-94fd-0ed6ae6884ed', '[IRC] Stand politics ability perhaps throw.', 4, '221.182.41.244:6697', 'Cultural city prepare situation step issue rock perhaps. New writer few conference owner purpose. Computer home every can story close. Visit start term. Television society anyone such administration half near. Magazine cell could star agreement financial he.', '2023-01-04 16:23:39.301209+00', '2023-01-11 16:23:39.301209+00');
INSERT INTO public.servers VALUES ('2397f101-9b5d-471e-9eb4-4b1376319ced', '534c0489-3202-4457-94fd-0ed6ae6884ed', '[IRC] Professor I national her rather among throw.', 4, '88.141.31.244:6697', 'Resource ready second someone hot act author. Must in open field per who. However moment go ok edge. Him rate trip medical own yard. Outside mission yes use.', '2023-01-04 16:23:39.301209+00', '2023-01-11 16:23:39.301209+00');
INSERT INTO public.servers VALUES ('772ff324-6cf8-4cd4-a71f-8c373aa56314', '534c0489-3202-4457-94fd-0ed6ae6884ed', 'Modern activity sit old recently everything bad.', 1, 'https://discord.gg/tXdRkCbC', 'Matter discover everyone save. Individual happen light daughter knowledge name order. Medical field else good.', '2023-01-04 16:23:39.301209+00', '2023-01-11 16:23:39.301209+00');
INSERT INTO public.servers VALUES ('40981052-1767-4d8a-a1e5-0f2d731768c0', '3679d806-3bfa-4733-9974-0f5066e36f9e', 'Its radio arm later certainly across brother kind.', 3, '214.125.129.230:6697', 'Father history amount. General program process carry. Affect indicate old career image war. Huge close tough participant carry recently responsibility. Congress above sit wrong add opportunity director.', '2023-01-04 16:23:39.301209+00', '2023-01-11 16:23:39.301209+00');
INSERT INTO public.servers VALUES ('76d74bd2-bbb6-4b93-bd62-e5269e765687', '49307772-f297-4c72-8666-5c5c1f2cf1cc', '[IRC] Commercial history just wear culture read.', 4, '214.228.41.164:6697', 'Front world phone. Ago receive these reveal tell decision student. Even board your much difference art. Present section research from. Operation summer thing general those.', '2023-01-04 16:23:39.301209+00', '2023-01-11 16:23:39.301209+00');
INSERT INTO public.servers VALUES ('d9516cb2-e4fe-4f88-9e7e-6b2e2fc24dd3', '317e4653-ad20-416c-8bf2-b481e8ba99f9', 'Store garden indicate wind.', 3, '142.213.141.78:6697', 'Risk the often everyone. Throughout better media. Act happen quite receive image until tax. The plant individual money. Mother meet alone American debate share. Lose dream quality visit focus data.', '2023-01-04 16:23:39.301209+00', '2023-01-11 16:23:39.301209+00');
INSERT INTO public.servers VALUES ('1c6defd0-db15-412b-8e78-2f020269ba4e', '237b5cb9-34b6-4546-8b02-a41da050b28f', '[IRC] Value concern buy other senior.', 4, '213.129.113.8:6697', 'Chance all amount yourself. Again chair white nice. Affect picture operation himself. Perform pick group. Line study religious once type. Memory once hotel.', '2023-01-04 16:23:39.301209+00', '2023-01-11 16:23:39.301209+00');
INSERT INTO public.servers VALUES ('5d6f8609-358d-4814-85f6-3e5c3b8efac3', '534c0489-3202-4457-94fd-0ed6ae6884ed', '[IRC] To evening but natural follow place.', 4, '62.184.103.239:6697', 'Model style food miss better nor read. Water appear court piece air. Section man capital after stock opportunity.', '2023-01-04 16:23:39.301209+00', '2023-01-11 16:23:39.301209+00');
INSERT INTO public.servers VALUES ('12e1b64b-db51-4fe8-93ea-0059f4fddede', '317e4653-ad20-416c-8bf2-b481e8ba99f9', 'Wear key represent ten poor.', 2, '138.10.31.24:6697', 'Difference event rock nice Mr image loss. Wear brother for first through edge. Throw magazine lead.', '2023-01-04 16:23:39.301209+00', '2023-01-11 16:23:39.301209+00');
INSERT INTO public.servers VALUES ('834d913c-8e58-4813-b343-ffaf85ab9fb8', '237b5cb9-34b6-4546-8b02-a41da050b28f', 'Trouble national baby whose peace.', 3, '211.185.82.83:6697', 'Table the son. Grow before degree. Rise leg would. Trouble into under window end Mr security. Future Mrs without wish campaign think heart forget. Three week practice.', '2023-01-04 16:23:39.301209+00', '2023-01-11 16:23:39.301209+00');
INSERT INTO public.servers VALUES ('f3efca9f-9bd0-45e8-a1c9-2d7fc10d56f8', '237b5cb9-34b6-4546-8b02-a41da050b28f', 'Reduce white toward listen eat.', 3, '67.68.114.208:6697', 'Someone right suddenly son song threat month. See particularly computer first exactly however write. Especially toward cost produce environmental others trial. Middle leader evidence three ability at involve. Hair others he candidate. Head candidate need cultural medical account yet.', '2023-01-04 16:23:39.301209+00', '2023-01-11 16:23:39.301209+00');
INSERT INTO public.servers VALUES ('3092d937-5612-4fc3-950e-004edb16e883', '49307772-f297-4c72-8666-5c5c1f2cf1cc', 'Example cause serious really return store.', 3, '59.216.96.201:6697', 'Newspaper war child art far indeed. Actually people teacher conference politics rich enough. Later research painting if senior. Service shake town surface effect including member likely. Public bed page suddenly staff respond. Realize art main even environment easy whether together.', '2023-01-04 16:23:39.301209+00', '2023-01-11 16:23:39.301209+00');
INSERT INTO public.servers VALUES ('9b255d3b-7af2-494a-b6b7-e32d93a89958', '3679d806-3bfa-4733-9974-0f5066e36f9e', 'Note soldier several finally certainly media.', 1, 'https://discord.gg/zqiEMkxz', 'Song explain pay often. Available bank region seven. Wall strategy friend culture standard common. Enjoy hundred form well onto hundred unit pick. They especially affect near source establish not boy.', '2023-01-04 16:23:39.301209+00', '2023-01-11 16:23:39.301209+00');
INSERT INTO public.servers VALUES ('6699ec22-9788-4966-a355-ca617bad1b63', '237b5cb9-34b6-4546-8b02-a41da050b28f', 'Spend book last without nice.', 3, '79.51.81.107:6697', 'Share discover rule either. Maintain respond central character everything fast measure six. Key dinner suddenly. Floor can quickly sell. Agreement air deal compare win small. Character word material black spring through cause apply.', '2023-01-04 16:23:39.301209+00', '2023-01-11 16:23:39.301209+00');
INSERT INTO public.servers VALUES ('67ad22be-f629-48bc-97e3-9b2c9d5bbb6d', '317e4653-ad20-416c-8bf2-b481e8ba99f9', '[IRC] Bank painting travel ground go surface.', 4, '91.52.224.195:6697', 'System station at eat think space. Image part beyond job anything. Second doctor per. It meeting same country foot pick real mission. Table artist record call.', '2023-01-04 16:23:39.301209+00', '2023-01-11 16:23:39.301209+00');
INSERT INTO public.servers VALUES ('75c7d6fb-9eef-4590-ba7b-2e39ba354fb2', '3679d806-3bfa-4733-9974-0f5066e36f9e', '[IRC] Own institution how whatever.', 4, '192.65.194.225:6697', 'Several continue under admit wide knowledge population. Read drive right check oil once area. National large effect increase into piece.', '2023-01-04 16:23:39.301209+00', '2023-01-11 16:23:39.301209+00');
INSERT INTO public.servers VALUES ('af674380-2d7a-45f1-bcb4-ceb0b31be149', '49307772-f297-4c72-8666-5c5c1f2cf1cc', 'Describe food authority evening.', 2, '211.145.4.75:6697', 'Evening beat large media. Read just not ahead interview knowledge. Article they herself simple need. Tell guess animal. Store fast event despite be. How technology specific share lead.', '2023-01-04 16:23:39.301209+00', '2023-01-11 16:23:39.301209+00');
INSERT INTO public.servers VALUES ('84f22d70-67d5-45be-923c-b595ada16384', '534c0489-3202-4457-94fd-0ed6ae6884ed', 'Stand seem why run.', 3, '110.108.49.23:6697', 'One direction early. Past court throw always allow. Sport threat explain response summer cut expect. They know nor development pretty foot time. True street plan determine see. Dog between popular upon city fear.', '2023-01-04 16:23:39.301209+00', '2023-01-11 16:23:39.301209+00');
INSERT INTO public.servers VALUES ('93fb318d-5dd0-4921-98ab-96bbe4f063fa', '237b5cb9-34b6-4546-8b02-a41da050b28f', 'Fall term back hear believe morning close.', 2, '134.205.76.67:6697', 'Because door rise TV happy. Poor member program long. Head protect still remain near Mr. Defense civil game else.', '2023-01-04 16:23:39.301209+00', '2023-01-11 16:23:39.301209+00');
INSERT INTO public.servers VALUES ('db907190-e3c5-4aa7-9ab8-fa27ff9b9795', '237b5cb9-34b6-4546-8b02-a41da050b28f', 'Whom west reach.', 2, '171.63.85.198:6697', 'Alone chance war nature fund sign page memory. Language wide light pressure people. Partner main to always. News rock ground marriage option oil. Difference without free sense usually catch wear. Gun international teacher.', '2023-01-04 16:23:39.301209+00', '2023-01-11 16:23:39.301209+00');
INSERT INTO public.servers VALUES ('72e3f578-1e98-4321-aa09-9635e7eca8ea', '534c0489-3202-4457-94fd-0ed6ae6884ed', 'Similar member just lot smile.', 1, 'https://discord.gg/HCuoXemh', 'Doctor use contain risk. Network base process evening a course under. Despite against when protect choice. Such help subject. Area manager size professional. South write bit voice.', '2023-01-04 16:23:39.301209+00', '2023-01-11 16:23:39.301209+00');
INSERT INTO public.servers VALUES ('0e230eec-12fc-4897-a619-8221bb7373e2', '534c0489-3202-4457-94fd-0ed6ae6884ed', 'Three choose civil son.', 1, 'https://discord.gg/yjRCNHeB', 'Continue sell somebody will short. Ground range action alone. Front consider process marriage as forget. Impact major change Democrat population. Court black dog include bag nature federal war.', '2023-01-04 16:23:39.301209+00', '2023-01-11 16:23:39.301209+00');
INSERT INTO public.servers VALUES ('c0c845a0-79a6-43a7-9e5e-788f98bd3e1c', '237b5cb9-34b6-4546-8b02-a41da050b28f', '[IRC] Democrat again skill white whether place.', 4, '209.150.239.133:6697', 'Line site student window. Able case hair seat finally seat. Serious responsibility miss then run process challenge. May thing surface serious evidence career effect. Team start star rule open issue. Consider thus about remain.', '2023-01-04 16:23:39.301209+00', '2023-01-11 16:23:39.301209+00');
INSERT INTO public.servers VALUES ('92e5aae8-2610-4373-afd5-163d1a717070', '534c0489-3202-4457-94fd-0ed6ae6884ed', 'Month story expert practice.', 3, '21.165.7.129:6697', 'How perhaps magazine very off win. Discover send long control along. Officer find whole I student kind. Result animal stock worker card house we. Free item society morning close. Very finally benefit maintain piece manage hair project.', '2023-01-04 16:23:39.301209+00', '2023-01-11 16:23:39.301209+00');
INSERT INTO public.servers VALUES ('31747177-c09a-46cf-8fb3-0cab6f3fbd8d', '317e4653-ad20-416c-8bf2-b481e8ba99f9', 'These rise election him decide ever term turn.', 1, 'https://discord.gg/MblxODfD', 'Beat open save ahead interview. Painting imagine respond decide treatment as. Soon sound turn building cost however budget. Start discuss though sense use grow rule. Small officer walk. Yeah maybe today history either.', '2023-01-04 16:23:39.301209+00', '2023-01-11 16:23:39.301209+00');
INSERT INTO public.servers VALUES ('e6ececf9-e145-4368-bcf9-8ed66c3eb2b5', '534c0489-3202-4457-94fd-0ed6ae6884ed', 'Itself week blue better.', 3, '41.97.252.116:6697', 'Science himself main little allow Democrat forget. Best policy music success let. Believe change left sign.', '2023-01-04 16:23:39.301209+00', '2023-01-11 16:23:39.301209+00');
INSERT INTO public.servers VALUES ('6a2a6e50-c454-49a2-a498-c9aea7540a17', '3679d806-3bfa-4733-9974-0f5066e36f9e', 'Position authority from despite have next financial kitchen.', 2, '24.51.255.187:6697', 'History public thank stage section. Recent administration loss win through eat Mrs. Throw be senior not. Relationship half right. Lot list whole arrive. Series interest prepare way see season gas.', '2023-01-04 16:23:39.301209+00', '2023-01-11 16:23:39.301209+00');
INSERT INTO public.servers VALUES ('a70aa774-6b14-451c-a8db-d389d1bd39d5', '317e4653-ad20-416c-8bf2-b481e8ba99f9', 'Region act natural every edge Mr analysis purpose.', 2, '199.92.86.99:6697', 'Ok much culture tough up these this. Hour actually late right. Police lawyer clear ok decision. Attention practice case represent pressure worry always. Significant design throw trip off loss too. Mouth help detail certain.', '2023-01-04 16:23:39.301209+00', '2023-01-11 16:23:39.301209+00');
INSERT INTO public.servers VALUES ('c3021235-fe03-4e66-97c0-b8cf1a61cd63', '49307772-f297-4c72-8666-5c5c1f2cf1cc', '[IRC] Plan artist certainly.', 4, '190.176.154.252:6697', 'Until two station indicate. This together he firm cup. Another meet owner him half not. Key glass Republican money military nature poor.', '2023-01-04 16:23:39.301209+00', '2023-01-11 16:23:39.301209+00');
INSERT INTO public.servers VALUES ('7fcf3fc5-45c4-45c8-b670-b184062a8442', '534c0489-3202-4457-94fd-0ed6ae6884ed', 'Where view agreement whole common could easy.', 2, '184.107.28.56:6697', 'Economy near church six pass because his. Home road task role hard kitchen. Themselves direction shoulder over rock section. Draw want produce artist same although argue. Report whom star for unit create result.', '2023-01-04 16:23:39.301209+00', '2023-01-11 16:23:39.301209+00');
INSERT INTO public.servers VALUES ('7b7e630f-89ee-41d2-b04a-87737aeceafb', '534c0489-3202-4457-94fd-0ed6ae6884ed', 'Simple course plant ready drop section.', 2, '158.103.45.111:6697', 'Pass respond subject pick. Understand its green us job. Benefit happen north paper onto minute. Attorney describe process similar value.', '2023-01-04 16:23:39.301209+00', '2023-01-11 16:23:39.301209+00');
INSERT INTO public.servers VALUES ('893be5b9-6b60-4a91-b7ce-be9b15266748', '534c0489-3202-4457-94fd-0ed6ae6884ed', 'Condition somebody laugh training between upon what final.', 2, '200.17.136.166:6697', 'Candidate public soon physical decade fire she. How center again cup. While follow share care. Job model quickly face.', '2023-01-04 16:23:39.301209+00', '2023-01-11 16:23:39.301209+00');
INSERT INTO public.servers VALUES ('95b02bfe-37c3-43ad-9236-b025723f23d3', '49307772-f297-4c72-8666-5c5c1f2cf1cc', 'Low address open exactly thought system available.', 1, 'https://discord.gg/VHRKgfZP', 'Region because new skin free well. Wall thing explain. Nothing return join activity however. Industry but environment.', '2023-01-04 16:23:39.301209+00', '2023-01-11 16:23:39.301209+00');
INSERT INTO public.servers VALUES ('821bae69-7923-4860-8ca6-63c247c1ca4d', '534c0489-3202-4457-94fd-0ed6ae6884ed', 'Since pass check similar as budget another.', 2, '170.184.231.53:6697', 'Maybe future it wife. Home design technology speak least environment. Start free other approach chance painting method. Million air may at its seek thing friend.', '2023-01-04 16:23:39.301209+00', '2023-01-11 16:23:39.301209+00');
INSERT INTO public.servers VALUES ('ca1d4c64-b8cf-4ec3-88f5-1cb58e0f0af8', '534c0489-3202-4457-94fd-0ed6ae6884ed', 'Care little nice enough.', 1, 'https://discord.gg/eROmIQUd', 'Thing find hospital near. Those image where north his what. Adult yet represent finish school. Age race space move so. Tough simple court design science first.', '2023-01-04 16:23:39.301209+00', '2023-01-11 16:23:39.301209+00');
INSERT INTO public.servers VALUES ('0a293049-48d0-4bdc-b9ae-1a1e3e486009', '534c0489-3202-4457-94fd-0ed6ae6884ed', '[IRC] Expect result thus.', 4, '129.138.50.63:6697', 'Opportunity energy follow pull during us along. Any yeah hand surface. Understand focus act draw artist.', '2023-01-04 16:23:39.301209+00', '2023-01-11 16:23:39.301209+00');
INSERT INTO public.servers VALUES ('a53c361c-4bc0-4d26-87e4-07700f437ce3', '3679d806-3bfa-4733-9974-0f5066e36f9e', 'Partner I full tough few.', 2, '51.162.155.132:6697', 'Tv establish hope learn buy. Environmental would sure become morning how black. Bag yes see finally question anything take.', '2023-01-04 16:23:39.301209+00', '2023-01-11 16:23:39.301209+00');
INSERT INTO public.servers VALUES ('d992e26f-413a-4b6c-81dc-db5d10588be9', '3679d806-3bfa-4733-9974-0f5066e36f9e', 'Film structure even at.', 2, '142.97.190.29:6697', 'Wait body action prepare. Leader together source share vote. Society area itself he speech hour tonight. Environmental and forget recent pretty go special. Star affect long information address staff forward.', '2023-01-04 16:23:39.301209+00', '2023-01-11 16:23:39.301209+00');
INSERT INTO public.servers VALUES ('494a1cf4-2928-43ed-964c-fd62ffe68a99', '534c0489-3202-4457-94fd-0ed6ae6884ed', 'Career condition risk thing.', 1, 'https://discord.gg/afgwopMv', 'Plant safe fine art then might. Message safe mention movie character reality book little. Notice hear form environment everything concern turn by. Necessary teacher whole require. Option myself husband threat man against subject. No approach bag weight democratic set nice.', '2023-01-04 16:23:39.301209+00', '2023-01-11 16:23:39.301209+00');
INSERT INTO public.servers VALUES ('d33e6741-f066-477c-8a84-a64565c0f3b6', '534c0489-3202-4457-94fd-0ed6ae6884ed', 'Through option realize nice join box against.', 2, '44.172.132.155:6697', 'Factor travel toward level follow early yourself at. Matter wrong middle even special end across. Pull magazine suddenly would medical.', '2023-01-04 16:23:39.301209+00', '2023-01-11 16:23:39.301209+00');
INSERT INTO public.servers VALUES ('d9556ec8-913b-4220-aa15-150fcc266b82', '49307772-f297-4c72-8666-5c5c1f2cf1cc', 'Cause let food sell sure marriage.', 2, '202.237.112.216:6697', 'Environmental kid back simply drive create who. Threat hope here fight ground. Question outside TV friend. Actually task two show. Court type another team minute entire onto.', '2023-01-04 16:23:39.301209+00', '2023-01-11 16:23:39.301209+00');
INSERT INTO public.servers VALUES ('e77550d2-3b87-4540-bb00-d20c2e026e3c', '3679d806-3bfa-4733-9974-0f5066e36f9e', 'Happen teach be house specific strong.', 2, '92.255.75.10:6697', 'Candidate past campaign goal bag. After purpose military me without. Religious in plan such perform particularly weight. Future line girl manage although public. Right yes ask despite. Must tax like practice painting red great.', '2023-01-04 16:23:39.301209+00', '2023-01-11 16:23:39.301209+00');
INSERT INTO public.servers VALUES ('dc5476df-0951-44ba-b4d3-d686ec6d1fb1', '49307772-f297-4c72-8666-5c5c1f2cf1cc', 'Oil say movie plan guess set.', 2, '173.104.126.213:6697', 'Traditional weight skill provide weight data tonight. Song structure hope. Important middle participant.', '2023-01-04 16:23:39.301209+00', '2023-01-11 16:23:39.301209+00');
INSERT INTO public.servers VALUES ('e5f30064-72b5-477c-b645-2a2e93d890ee', '317e4653-ad20-416c-8bf2-b481e8ba99f9', 'Agent marriage at consider foot.', 1, 'https://discord.gg/dVxiWrcy', 'Accept through while week religious. Allow item cup difficult call recent. Month standard public art.', '2023-01-04 16:23:39.301209+00', '2023-01-11 16:23:39.301209+00');
INSERT INTO public.servers VALUES ('9414f85c-86b9-4844-8244-9b1af5cf79cb', '3679d806-3bfa-4733-9974-0f5066e36f9e', 'Evening marriage while picture service his.', 2, '157.109.151.3:6697', 'Partner from knowledge off again raise. For fire field easy. Charge help media as wife area discuss. Dog career staff information. Impact close make big situation. Citizen or common last people.', '2023-01-04 16:23:39.301209+00', '2023-01-11 16:23:39.301209+00');
INSERT INTO public.servers VALUES ('5a37be2a-12dd-4367-a1e2-0eb1c140978f', '237b5cb9-34b6-4546-8b02-a41da050b28f', 'Guess sometimes build learn old catch.', 3, '223.241.135.24:6697', 'Agent individual check nearly Congress church. Family treatment business pass. Ever follow various heart to. Deep expert south. Detail institution easy loss training make. Poor book land add.', '2023-01-04 16:23:39.301209+00', '2023-01-11 16:23:39.301209+00');
INSERT INTO public.servers VALUES ('232f55bc-2ad8-4e90-8c49-4bdd5476e63f', '3679d806-3bfa-4733-9974-0f5066e36f9e', '[IRC] Cup rise across force whole hair account.', 4, '114.107.40.194:6697', 'Would sister too against. Front almost prove. Around usually ten nature. Street drug structure democratic cultural really happy.', '2023-01-04 16:23:39.301209+00', '2023-01-11 16:23:39.301209+00');
INSERT INTO public.servers VALUES ('63686b46-69a7-4a97-9743-4f3fd8fa21fe', '49307772-f297-4c72-8666-5c5c1f2cf1cc', 'Spring man pay hit yeah forward indicate shake.', 1, 'https://discord.gg/nBPwfNkM', 'He sure food people night. Why Mrs house street paper. Natural form student guy debate sometimes know. Manager much significant travel piece.', '2023-01-04 16:23:39.301209+00', '2023-01-11 16:23:39.301209+00');
INSERT INTO public.servers VALUES ('e85fca8b-3e84-47fe-af32-26f8f54474be', '49307772-f297-4c72-8666-5c5c1f2cf1cc', 'Spring possible take treat.', 1, 'https://discord.gg/bUskFvao', 'Protect member add arrive grow nature. Pick customer require best hour leg of. Model here prove middle energy base. Career experience senior production program indeed. East which since protect others. Month try recent year recently consider color.', '2023-01-04 16:23:39.301209+00', '2023-01-11 16:23:39.301209+00');
INSERT INTO public.servers VALUES ('5b0ae704-63f2-4499-8b02-22e107f9ddff', '3679d806-3bfa-4733-9974-0f5066e36f9e', '[IRC] Next very actually administration.', 4, '180.86.46.213:6697', 'Much tough couple recent help arm. Population sing Congress avoid drop four. Truth according see do about assume between attention.', '2023-01-04 16:23:39.301209+00', '2023-01-11 16:23:39.301209+00');
INSERT INTO public.servers VALUES ('0f072ded-92cb-4d1a-89e8-b1a45ff26736', '3679d806-3bfa-4733-9974-0f5066e36f9e', '[IRC] Audience I card quite me like shake.', 4, '171.78.217.174:6697', 'Clear right picture feel citizen deep. Staff property modern deep deep dream account decision. Say toward one use. Tax natural week know animal region story serious. Receive black vote despite pull surface.', '2023-01-04 16:23:39.301209+00', '2023-01-11 16:23:39.301209+00');
INSERT INTO public.servers VALUES ('92221079-e54b-4c04-8fa0-39a92ec82dd3', '3679d806-3bfa-4733-9974-0f5066e36f9e', 'Factor resource one teacher.', 2, '151.82.49.115:6697', 'Book door side kid seat affect forward. Loss security detail yes. Water receive call add something. Age three interesting street. Political sure according quickly language hope. Cause fill whole member early.', '2023-01-04 16:23:39.301209+00', '2023-01-11 16:23:39.301209+00');
INSERT INTO public.servers VALUES ('83f2d009-fedb-4ed1-a22d-b9512ef85adf', '534c0489-3202-4457-94fd-0ed6ae6884ed', 'Each parent ask group off reality.', 1, 'https://discord.gg/vJhFaMXZ', 'Former wait early girl value probably might. Technology recognize performance particularly. Include leg technology likely. Civil cultural floor anyone space ahead public when.', '2023-01-04 16:23:39.301209+00', '2023-01-11 16:23:39.301209+00');
INSERT INTO public.servers VALUES ('a4c4bc50-6a22-4270-aa95-89115e716674', '317e4653-ad20-416c-8bf2-b481e8ba99f9', 'Court your property win.', 2, '116.246.68.55:6697', 'Ok involve indicate most up life nearly option. Step organization policy whom east follow hour order. Determine opportunity room suffer everything too sell. Something crime statement approach.', '2023-01-04 16:23:39.301209+00', '2023-01-11 16:23:39.301209+00');
INSERT INTO public.servers VALUES ('f4ca7996-4bc3-47f4-9801-31849fac326b', '3679d806-3bfa-4733-9974-0f5066e36f9e', 'Focus could soon.', 2, '102.36.50.136:6697', 'World audience if employee important response special. Girl religious single trial commercial board. Travel fight not stock of personal admit. Store PM worker. Leader front coach environment.', '2023-01-04 16:23:39.301209+00', '2023-01-11 16:23:39.301209+00');
INSERT INTO public.servers VALUES ('49f2ef62-24fe-4ed3-8622-6b76f7c230f4', '237b5cb9-34b6-4546-8b02-a41da050b28f', 'Human strategy much few.', 1, 'https://discord.gg/vMUUnEIv', 'Gun garden since put maybe late rock. Score consumer performance still arm yet thousand radio. Spend former daughter those.', '2023-01-04 16:23:39.301209+00', '2023-01-11 16:23:39.301209+00');
INSERT INTO public.servers VALUES ('52f901c3-2ca4-4c86-843b-4938af338f85', '237b5cb9-34b6-4546-8b02-a41da050b28f', '[IRC] Mrs plant result yeah point.', 4, '208.46.136.10:6697', 'Enough despite spend opportunity. Perform test consumer model. Political able shoulder realize school. Long since think share product meeting. Despite each culture first discuss. Score major authority military bank item.', '2023-01-04 16:23:39.301209+00', '2023-01-11 16:23:39.301209+00');
INSERT INTO public.servers VALUES ('c20f6382-1681-4b8f-a3e8-038b6ad215e2', '49307772-f297-4c72-8666-5c5c1f2cf1cc', 'As pull plan out myself.', 2, '61.127.130.251:6697', 'Tonight memory American Mrs three. Player service address product will as term necessary. Body former score have picture tell. Practice agree rock each inside Republican happen. Woman agree not important fund color. Century meet source role may.', '2023-01-04 16:23:39.301209+00', '2023-01-11 16:23:39.301209+00');
INSERT INTO public.servers VALUES ('4d7634c0-8505-42b5-bf1d-038742f20283', '3679d806-3bfa-4733-9974-0f5066e36f9e', 'Along pick ask almost.', 2, '24.22.34.221:6697', 'Leave soon head difficult southern nature. Everybody huge police decade big. Exist piece the approach hour rest represent.', '2023-01-04 16:23:39.301209+00', '2023-01-11 16:23:39.301209+00');
INSERT INTO public.servers VALUES ('ac4a1308-678a-40f2-9fbd-688e0221febe', '317e4653-ad20-416c-8bf2-b481e8ba99f9', '[IRC] Best dream fall identify coach.', 4, '13.0.22.215:6697', 'Prove hear trade single within. Information name boy condition set. Bag might firm treat about drop yet. On oil left seek both fast environment do. Hope color house keep. Southern national theory out.', '2023-01-04 16:23:39.301209+00', '2023-01-11 16:23:39.301209+00');
INSERT INTO public.servers VALUES ('c4f1d9d4-4742-4b54-84b2-09f4705826f2', '237b5cb9-34b6-4546-8b02-a41da050b28f', 'Lose education event use consumer.', 1, 'https://discord.gg/bqcrfbFI', 'Energy its stock. Fill religious subject information many past. Simply section senior situation. Company there attention wish officer forward. Rise standard by provide wonder church.', '2023-01-04 16:23:39.301209+00', '2023-01-11 16:23:39.301209+00');
INSERT INTO public.servers VALUES ('5fcdf2a9-a2bd-40a6-a3b4-357c3ba7b760', '317e4653-ad20-416c-8bf2-b481e8ba99f9', 'Thousand consumer market when nature herself poor.', 2, '12.242.81.107:6697', 'Significant thus coach section stop picture travel. Major paper hot music meet capital expert. Significant too budget improve.', '2023-01-04 16:23:39.301209+00', '2023-01-11 16:23:39.301209+00');
INSERT INTO public.servers VALUES ('c15405c0-35e0-4b65-be13-360247cc21c3', '49307772-f297-4c72-8666-5c5c1f2cf1cc', 'Prevent field toward his why stand forward.', 1, 'https://discord.gg/zOaXbPWW', 'You center game who. Against by rule key name war. Training drop accept account recently person quickly. Cup meeting art American Democrat option. Vote choice into meeting. Continue increase close various together.', '2023-01-04 16:23:39.301209+00', '2023-01-11 16:23:39.301209+00');
INSERT INTO public.servers VALUES ('746c701c-bed7-4bd4-94d7-8611de504d21', '317e4653-ad20-416c-8bf2-b481e8ba99f9', 'Bit prevent guess Congress campaign blue next.', 2, '47.84.90.152:6697', 'Hot head represent dog away. Claim near often. Day fish lay available art class. Hotel letter phone space.', '2023-01-04 16:23:39.301209+00', '2023-01-11 16:23:39.301209+00');
INSERT INTO public.servers VALUES ('f5a808f7-afd0-4ef0-a2b1-7f70fb761615', '317e4653-ad20-416c-8bf2-b481e8ba99f9', 'Throw different eye price history movement.', 1, 'https://discord.gg/yZcHwIVa', 'Chair someone school finally. Claim down board nothing on source administration. Could degree road page. Top wind power poor region. Leg discover up business we gas seem tell.', '2023-01-04 16:23:39.301209+00', '2023-01-11 16:23:39.301209+00');
INSERT INTO public.servers VALUES ('8549892b-495b-4639-b53b-de691d2b7d0f', '317e4653-ad20-416c-8bf2-b481e8ba99f9', 'Recently resource case mind writer forward personal.', 2, '8.195.194.65:6697', 'Identify data final. Voice rule bit. Investment contain light draw.', '2023-01-04 16:23:39.301209+00', '2023-01-11 16:23:39.301209+00');
INSERT INTO public.servers VALUES ('bf226e3d-f9eb-4b87-bc31-7c8adc364270', '49307772-f297-4c72-8666-5c5c1f2cf1cc', 'Treatment politics adult forward less.', 1, 'https://discord.gg/OfPyDpFJ', 'Lot between there picture. Or community arrive enough reduce again. Whether learn energy lot finally offer million. Would country side fill group step. Seek yard where despite work.', '2023-01-04 16:23:39.301209+00', '2023-01-11 16:23:39.301209+00');
INSERT INTO public.servers VALUES ('c513f881-d3f3-46c5-a59b-fa1a6434d53c', '534c0489-3202-4457-94fd-0ed6ae6884ed', 'Shake majority a weight history administration newspaper.', 1, 'https://discord.gg/LJtEmeFt', 'Sort food miss. Window where each TV choose wonder own. Miss standard behavior six assume figure themselves activity.', '2023-01-04 16:23:39.301209+00', '2023-01-11 16:23:39.301209+00');
INSERT INTO public.servers VALUES ('66034ad6-935c-43c0-bd23-cdc6475fec80', '49307772-f297-4c72-8666-5c5c1f2cf1cc', 'Including guy if well significant town us.', 2, '133.228.254.130:6697', 'Measure others able remember effort their. Direction while indicate use week. Material learn growth them sea food bring. Reach most western team war professor.', '2023-01-04 16:23:39.301209+00', '2023-01-11 16:23:39.301209+00');
INSERT INTO public.servers VALUES ('aa4d308c-8988-4231-b105-e178d4cfa84c', '534c0489-3202-4457-94fd-0ed6ae6884ed', 'Here guy his very author Congress.', 1, 'https://discord.gg/dzhXsFxy', 'Instead everything possible better whether inside. Although push general manager machine nearly. Fear over but particular machine own western. Down animal letter man write build radio.', '2023-01-04 16:23:39.301209+00', '2023-01-11 16:23:39.301209+00');
INSERT INTO public.servers VALUES ('47e8bc40-6bca-4753-96cc-3a05b3fe3ff9', '237b5cb9-34b6-4546-8b02-a41da050b28f', 'Push will story.', 1, 'https://discord.gg/VynpxkmK', 'Strategy Democrat without check discover establish. From player same particular I. Executive ahead discuss director international.', '2023-01-04 16:23:39.301209+00', '2023-01-11 16:23:39.301209+00');
INSERT INTO public.servers VALUES ('c8058885-2a73-4a58-bf04-f89c1857b8cf', '237b5cb9-34b6-4546-8b02-a41da050b28f', '[IRC] Color debate plant detail lose woman often.', 4, '159.50.69.133:6697', 'Data real strong pressure opportunity term politics. First western security scientist need write. Start moment husband teacher social tree. Adult many response.', '2023-01-04 16:23:39.301209+00', '2023-01-11 16:23:39.301209+00');
INSERT INTO public.servers VALUES ('b1a5ff66-44a5-4b22-8c5c-5b455be980d8', '237b5cb9-34b6-4546-8b02-a41da050b28f', '[IRC] Book worry news.', 4, '104.6.125.47:6697', 'Thing seat build card. Ability memory nor maintain. Team agent hand support want reduce us. Onto mouth throw population always any table approach.', '2023-01-04 16:23:39.301209+00', '2023-01-11 16:23:39.301209+00');
INSERT INTO public.servers VALUES ('c54ff34d-2028-4626-ae2d-a4331377fa3c', '237b5cb9-34b6-4546-8b02-a41da050b28f', '[IRC] Need begin church space late.', 4, '214.197.108.17:6697', 'Money political whole. Hour draw benefit life investment little. But join up year stage south would all. Argue owner health big recently major. Stand way order laugh.', '2023-01-04 16:23:39.301209+00', '2023-01-11 16:23:39.301209+00');
INSERT INTO public.servers VALUES ('dc551861-d61d-421e-a2ac-68c6566f9f9f', '3679d806-3bfa-4733-9974-0f5066e36f9e', '[IRC] Sort recently high but argue them candidate begin.', 4, '133.37.63.233:6697', 'Compare ground too day kid. Practice few blood item. Agent help because. These almost class receive use owner. Lawyer message religious participant. Among anyone when rock system international turn.', '2023-01-04 16:23:39.301209+00', '2023-01-11 16:23:39.301209+00');
INSERT INTO public.servers VALUES ('a38c73a4-259d-4e8a-8d49-1995e5cf7002', '3679d806-3bfa-4733-9974-0f5066e36f9e', 'Father let home human family.', 3, '205.175.253.136:6697', 'Sort statement door oil cup station seek say. Decade music out expect institution strategy. Gun part economic. One seat brother onto political expect.', '2023-01-04 16:23:39.301209+00', '2023-01-11 16:23:39.301209+00');
INSERT INTO public.servers VALUES ('ee6f600b-8f85-4e90-8c8d-6c57b6c4ae8a', '3679d806-3bfa-4733-9974-0f5066e36f9e', 'State test recently.', 2, '216.128.17.230:6697', 'Account day find raise door third. Once much however single social. Road campaign great crime experience money these loss. Price like imagine. Structure suddenly next be become.', '2023-01-04 16:23:39.301209+00', '2023-01-11 16:23:39.301209+00');
INSERT INTO public.servers VALUES ('c123d35b-8b53-4194-b9ad-4a9a36ac16f9', '49307772-f297-4c72-8666-5c5c1f2cf1cc', 'Tend able open consider learn home full.', 2, '141.57.44.15:6697', 'City buy case news him program. Lawyer story no only I change suffer. Act same national themselves to number maybe. Election finish find simple development challenge.', '2023-01-04 16:23:39.301209+00', '2023-01-11 16:23:39.301209+00');
INSERT INTO public.servers VALUES ('4e67d80c-4377-4126-bd1d-f837936a715a', '49307772-f297-4c72-8666-5c5c1f2cf1cc', 'Hour conference election course treat certainly.', 3, '184.55.151.80:6697', 'Painting suffer test moment rise thus house book. Property husband help safe travel after. Where western south involve. According send too another until skin. Notice cold indeed away live avoid share decade. These statement arm television pretty body.', '2023-01-04 16:23:39.301209+00', '2023-01-11 16:23:39.301209+00');
INSERT INTO public.servers VALUES ('8b2c7199-7efd-474b-ad3a-3957cc89b1f6', '237b5cb9-34b6-4546-8b02-a41da050b28f', 'His focus federal sense.', 2, '140.45.26.130:6697', 'Cell instead worker owner. Prevent sing result meeting receive. Customer truth house similar. Large month fight former culture choose whatever. Trial as road offer. Sea growth partner bring detail future.', '2023-01-04 16:23:39.301209+00', '2023-01-11 16:23:39.301209+00');
INSERT INTO public.servers VALUES ('facffcec-3777-47b0-bf46-3eabb133edf5', '3679d806-3bfa-4733-9974-0f5066e36f9e', 'Boy decide public get audience people boy.', 3, '203.200.170.154:6697', 'You politics grow defense tax other model. Beat show author stage catch list. Company move price health conference. Our open lay police else check else. Southern high well minute whose large.', '2023-01-04 16:23:39.301209+00', '2023-01-11 16:23:39.301209+00');
INSERT INTO public.servers VALUES ('c20ca162-b5dc-4002-89be-e2c387c5fed2', '3679d806-3bfa-4733-9974-0f5066e36f9e', '[IRC] Than analysis box front officer specific training.', 4, '217.15.101.251:6697', 'Mr through art southern interview. Degree imagine car expert car from. Language relationship prove really. Watch collection TV natural four fight statement. The society on range low long.', '2023-01-04 16:23:39.301209+00', '2023-01-11 16:23:39.301209+00');
INSERT INTO public.servers VALUES ('b4259af8-6675-4038-afe6-a7172835e17d', '3679d806-3bfa-4733-9974-0f5066e36f9e', 'Participant condition participant know.', 1, 'https://discord.gg/aydSsJfm', 'Through business ago view. National group instead admit couple add. Charge medical exactly.', '2023-01-04 16:23:39.301209+00', '2023-01-11 16:23:39.301209+00');
INSERT INTO public.servers VALUES ('1ea114bb-730f-44bf-aa77-d4682a2c8320', '237b5cb9-34b6-4546-8b02-a41da050b28f', '[IRC] Practice while performance sign.', 4, '164.12.155.178:6697', 'Short movie I could man join seat. Buy report pretty matter body week international. Radio system new consider. Build board condition cause.', '2023-01-04 16:23:39.301209+00', '2023-01-11 16:23:39.301209+00');
INSERT INTO public.servers VALUES ('c110c7ae-57b3-4797-825e-ea8d388e7a84', '3679d806-3bfa-4733-9974-0f5066e36f9e', '[IRC] Pm late name.', 4, '177.93.91.225:6697', 'News sister road very poor. Skin next industry personal make federal option. Practice pattern kid least. Improve help popular measure. Talk lot middle common take. Not religious artist capital.', '2023-01-04 16:23:39.301209+00', '2023-01-11 16:23:39.301209+00');
INSERT INTO public.servers VALUES ('66486281-31ae-4a56-8cb0-eabb95191643', '49307772-f297-4c72-8666-5c5c1f2cf1cc', 'Inside data include.', 2, '138.150.32.189:6697', 'Least happy reveal ready. Culture if light great several herself. Seat available store. Standard green forward event price president although. Check smile peace likely since cell ability. Necessary treatment almost note summer.', '2023-01-04 16:23:39.301209+00', '2023-01-11 16:23:39.301209+00');
INSERT INTO public.servers VALUES ('caf96883-7a7a-4254-a6da-ec90ea8f6f81', '317e4653-ad20-416c-8bf2-b481e8ba99f9', '[IRC] Sense through have fish quickly.', 4, '198.151.106.151:6697', 'Company team upon drop time. Message front before church report such on born. Same ready have big ask upon forget information.', '2023-01-04 16:23:39.301209+00', '2023-01-11 16:23:39.301209+00');
INSERT INTO public.servers VALUES ('32fb95f3-e7fe-4df7-9061-8e8a63836733', '534c0489-3202-4457-94fd-0ed6ae6884ed', '[IRC] Develop put more difficult lead at the executive.', 4, '162.183.210.134:6697', 'Hold young quality election specific someone money. Table crime chance improve south pattern. Left mission thing image strong scene grow. State professional should source. Nothing fund song agent recent.', '2023-01-04 16:23:39.301209+00', '2023-01-11 16:23:39.301209+00');
INSERT INTO public.servers VALUES ('af969d76-d87c-4d09-bf77-738fbba021da', '3679d806-3bfa-4733-9974-0f5066e36f9e', '[IRC] Avoid ago until truth.', 4, '34.216.191.129:6697', 'Light of rather. Evening should minute staff middle executive card. Experience receive gas learn service. Service member executive consider there.', '2023-01-04 16:23:39.301209+00', '2023-01-11 16:23:39.301209+00');
INSERT INTO public.servers VALUES ('c01bdd5b-f218-4763-9079-774fc612d97f', '3679d806-3bfa-4733-9974-0f5066e36f9e', 'Large modern protect.', 1, 'https://discord.gg/SbrkeVYO', 'Yourself phone budget finally another different expect. Vote she church know worker it. Level again yet artist wife. More moment by stock floor exist result. Street present table positive most understand.', '2023-01-04 16:23:39.301209+00', '2023-01-11 16:23:39.301209+00');
INSERT INTO public.servers VALUES ('cfba9e0a-cfbf-47c4-a0fc-5c1c57a5e541', '534c0489-3202-4457-94fd-0ed6ae6884ed', 'Body again order.', 1, 'https://discord.gg/ysxItaEu', 'Cut television organization race. Personal strong inside sort. Story black according decide bad. Up pressure fine field Mr. Cold budget simple clearly. Myself activity color next value news.', '2023-01-04 16:23:39.301209+00', '2023-01-11 16:23:39.301209+00');
INSERT INTO public.servers VALUES ('c777f457-a938-46a6-bc02-a28c01b55e86', '317e4653-ad20-416c-8bf2-b481e8ba99f9', 'Popular wind back body PM account.', 1, 'https://discord.gg/jtkFyFPY', 'Today writer better reduce full. Job voice always range involve. Kid affect PM sit material give policy. Actually manage nation environment appear cover positive fall. Line teacher bill. Visit hot job college safe as democratic.', '2023-01-04 16:23:39.301209+00', '2023-01-11 16:23:39.301209+00');
INSERT INTO public.servers VALUES ('186b6ff0-354c-4986-a3f0-616e65bcb2cb', '317e4653-ad20-416c-8bf2-b481e8ba99f9', 'Common develop inside possible trip understand.', 1, 'https://discord.gg/roIwEMRH', 'Color respond amount allow rate suffer wind. Concern line federal degree. My senior when quite about if. Likely sell economic thing people all exist.', '2023-01-04 16:23:39.301209+00', '2023-01-11 16:23:39.301209+00');
INSERT INTO public.servers VALUES ('dda29c48-638a-4f9e-afa2-4c2f457ad250', '317e4653-ad20-416c-8bf2-b481e8ba99f9', '[IRC] Southern player ten road by provide.', 4, '56.31.48.97:6697', 'Wish race bar effect population stop. Necessary white firm necessary. Success parent more fight around PM. Summer entire level over fill agreement else.', '2023-01-04 16:23:39.301209+00', '2023-01-11 16:23:39.301209+00');
INSERT INTO public.servers VALUES ('c1560719-81d1-4be9-b14c-af8269fe6cac', '3679d806-3bfa-4733-9974-0f5066e36f9e', 'Stand start current box and final statement.', 2, '81.129.183.30:6697', 'Black peace amount. Least attention agent contain. Hotel account send reveal. Huge both treat nearly. Economy manager young able. Quality others professional here.', '2023-01-04 16:23:39.301209+00', '2023-01-11 16:23:39.301209+00');
INSERT INTO public.servers VALUES ('1d6e57fd-cde9-41a4-8c23-c696a561294b', '534c0489-3202-4457-94fd-0ed6ae6884ed', 'Tend language partner still fish sea forget.', 2, '75.87.79.198:6697', 'Interesting bag many test reality night. Reality program day hold development stock another. Indeed shake later ready. Computer boy four group set particularly finish start. Include money box mind method.', '2023-01-04 16:23:39.301209+00', '2023-01-11 16:23:39.301209+00');
INSERT INTO public.servers VALUES ('8a2dd388-1329-4ae6-89c3-54edc5f24f00', '317e4653-ad20-416c-8bf2-b481e8ba99f9', '[IRC] Conference and trade career stuff.', 4, '211.72.102.167:6697', 'If effort small evidence follow. Something consumer business commercial firm. Machine every fund reason pretty church. Whom any beautiful wonder financial.', '2023-01-04 16:23:39.301209+00', '2023-01-11 16:23:39.301209+00');
INSERT INTO public.servers VALUES ('dd3a36ee-6ebe-4a09-9769-41b410e724cb', '3679d806-3bfa-4733-9974-0f5066e36f9e', '[IRC] Space assume school final send plan current.', 4, '207.104.249.7:6697', 'Collection difficult public political floor evidence theory person. Hot table gun score dream nearly politics. Money strong million capital ten evening well represent. Them type economic lot gun nothing that.', '2023-01-04 16:23:39.301209+00', '2023-01-11 16:23:39.301209+00');
INSERT INTO public.servers VALUES ('e4923373-0bda-4284-9cb1-00e2086afa32', '237b5cb9-34b6-4546-8b02-a41da050b28f', 'Son value example whatever sign.', 1, 'https://discord.gg/gabhGcOZ', 'Can through dark compare. Sometimes inside Mrs receive. Budget company civil watch. Increase upon claim establish bag. Sister notice energy glass resource. Son minute plant.', '2023-01-04 16:23:39.301209+00', '2023-01-11 16:23:39.301209+00');
INSERT INTO public.servers VALUES ('7d8a6634-a08b-4e8d-977d-3f95fe4af69a', '49307772-f297-4c72-8666-5c5c1f2cf1cc', 'Amount manage not budget popular unit his.', 1, 'https://discord.gg/QDGigXMb', 'Build happen anything population. Visit south close good court sense. It take center approach. Return teach after bad arm of. Cut total very. New lead kind garden.', '2023-01-04 16:23:39.301209+00', '2023-01-11 16:23:39.301209+00');
INSERT INTO public.servers VALUES ('d158ea47-8226-43e9-8fce-868b08d2e556', '317e4653-ad20-416c-8bf2-b481e8ba99f9', '[IRC] Until hair yard second way successful majority.', 4, '216.11.182.142:6697', 'End these me group however. Before see attorney somebody present eight doctor write. Really pressure director go probably suffer. Action own although world rich. Officer act me alone.', '2023-01-04 16:23:39.301209+00', '2023-01-11 16:23:39.301209+00');
INSERT INTO public.servers VALUES ('bcd69d9e-e383-478b-aef1-38888b5e7d31', '3679d806-3bfa-4733-9974-0f5066e36f9e', '[IRC] Window message the former.', 4, '42.240.99.219:6697', 'Product describe drive among back approach herself. Spring easy she along western position have their. Continue real find fact compare value trouble. Television most type stock although per support. Perform city operation live without. Business ten nothing near under.', '2023-01-04 16:23:39.301209+00', '2023-01-11 16:23:39.301209+00');
INSERT INTO public.servers VALUES ('1fd52114-bf30-44a8-b955-8051b0e1f551', '3679d806-3bfa-4733-9974-0f5066e36f9e', 'Free wall focus church loss join work.', 2, '75.65.227.76:6697', 'Window special whatever score member live say. Technology dinner relationship customer management. Them raise wonder else number vote land deep. Material partner decide another team low grow toward.', '2023-01-04 16:23:39.301209+00', '2023-01-11 16:23:39.301209+00');
INSERT INTO public.servers VALUES ('eeefe821-921e-4d8f-9c3c-4bc176a80a17', '237b5cb9-34b6-4546-8b02-a41da050b28f', 'Argue total use quickly while idea low deep.', 1, 'https://discord.gg/oNWjARVa', 'Manager technology report fall. Art find month same. Research couple recent expect. Avoid cold fight yes data probably might. Carry central gas health service. Interesting institution reach southern impact plant adult.', '2023-01-04 16:23:39.301209+00', '2023-01-11 16:23:39.301209+00');
INSERT INTO public.servers VALUES ('31308f2a-e458-4fc8-8376-590c38a4a175', '534c0489-3202-4457-94fd-0ed6ae6884ed', 'Adult expect hundred during today response part center.', 2, '111.113.176.249:6697', 'Entire only wear himself become. Education guy cover friend situation crime offer. Art staff score war everything edge tonight for. You everyone best natural it. Attention concern structure at because similar shoulder.', '2023-01-04 16:23:39.301209+00', '2023-01-11 16:23:39.301209+00');
INSERT INTO public.servers VALUES ('c512196c-cd9b-44fc-829e-be6317977c95', '49307772-f297-4c72-8666-5c5c1f2cf1cc', '[IRC] Truth above detail.', 4, '214.202.91.223:6697', 'Design member decision brother measure after. Reality matter generation day. May receive well think manager. Bring style buy suggest west happen.', '2023-01-04 16:23:39.301209+00', '2023-01-11 16:23:39.301209+00');
INSERT INTO public.servers VALUES ('20fa76ac-adfc-4b09-8aa4-8324f01d7435', '49307772-f297-4c72-8666-5c5c1f2cf1cc', 'Discuss too people return.', 2, '97.93.69.47:6697', 'Reach could box name. Green cut why can. None action along tell. First much direction unit. Hair attack miss there smile.', '2023-01-04 16:23:39.301209+00', '2023-01-11 16:23:39.301209+00');
INSERT INTO public.servers VALUES ('6f16048b-8cb9-4527-bea4-4100e683a36b', '237b5cb9-34b6-4546-8b02-a41da050b28f', 'Room run you turn arrive available.', 2, '201.209.54.62:6697', 'Almost quality term itself marriage president. Majority property along these. Cut onto our prevent film color traditional. Without many about manager again. Part maintain should carry.', '2023-01-04 16:23:39.301209+00', '2023-01-11 16:23:39.301209+00');
INSERT INTO public.servers VALUES ('8229d533-cd5b-46cd-b26b-dc508f60dddb', '3679d806-3bfa-4733-9974-0f5066e36f9e', 'One course experience maintain.', 2, '180.51.254.26:6697', 'Cover beyond the attack guy wrong. Accept side allow drop. Face red nor. Field once three move add be personal. Course project guy idea free key.', '2023-01-04 16:23:39.301209+00', '2023-01-11 16:23:39.301209+00');
INSERT INTO public.servers VALUES ('fddcd86c-f9d0-4487-a9fa-e5e1d8abcf1b', '534c0489-3202-4457-94fd-0ed6ae6884ed', 'Control list ever world need know.', 1, 'https://discord.gg/OMYUjcom', 'Stand politics father trial both happen. Ability get number prove current. Stuff fear positive industry truth. Country show huge field across practice.', '2023-01-04 16:23:39.301209+00', '2023-01-11 16:23:39.301209+00');
INSERT INTO public.servers VALUES ('87650ea7-cd78-495c-a1f1-d95fb9811d2e', '534c0489-3202-4457-94fd-0ed6ae6884ed', 'Compare million wind nor similar.', 1, 'https://discord.gg/ygGcFawv', 'Official left ground call teach do. Behind standard able author talk effort. Popular military school serious particularly. Describe crime fund study billion hour.', '2023-01-04 16:23:39.301209+00', '2023-01-11 16:23:39.301209+00');
INSERT INTO public.servers VALUES ('82043f59-5fe5-44a6-9009-e2086d0801ff', '534c0489-3202-4457-94fd-0ed6ae6884ed', '[IRC] Wonder past will kind society money.', 4, '187.207.118.240:6697', 'Moment where sea light source. Head third need recognize newspaper. Raise institution local.', '2023-01-04 16:23:39.301209+00', '2023-01-11 16:23:39.301209+00');
INSERT INTO public.servers VALUES ('a200cbf9-aaf2-43bf-bdfe-1cfeca5810e9', '49307772-f297-4c72-8666-5c5c1f2cf1cc', 'Bar throughout stuff sit.', 3, '105.36.34.168:6697', 'Size resource especially. Both claim power wife. Job statement police method under we. Deal during partner why speech.', '2023-01-04 16:23:39.301209+00', '2023-01-11 16:23:39.301209+00');
INSERT INTO public.servers VALUES ('c20021d7-f2c5-4936-b31f-7660693335cd', '317e4653-ad20-416c-8bf2-b481e8ba99f9', 'Face moment beyond nothing.', 3, '189.153.4.170:6697', 'Paper many choice first charge partner. Investment accept reveal support wind take. West social herself. Rich fight statement beat run. Which wear fast look cultural skin machine.', '2023-01-04 16:23:39.301209+00', '2023-01-11 16:23:39.301209+00');
INSERT INTO public.servers VALUES ('c3f7c304-0a8a-4c70-a3cc-d6b21b95fda3', '237b5cb9-34b6-4546-8b02-a41da050b28f', 'Among improve measure.', 1, 'https://discord.gg/BAwVcjxS', 'Rest analysis pick citizen. Campaign way this especially team box themselves. Remember what old. Meet finish chair represent determine itself.', '2023-01-04 16:23:39.301209+00', '2023-01-11 16:23:39.301209+00');
INSERT INTO public.servers VALUES ('866a9333-fed1-41e1-87e0-298999b08a0a', '317e4653-ad20-416c-8bf2-b481e8ba99f9', 'Itself there such account learn network coach.', 3, '129.5.122.240:6697', 'Role movement window nature newspaper hair remember. Help become until anyone huge TV. Avoid family respond now teacher explain. Happen begin this perform purpose never. Protect this end artist. Skin sound measure compare.', '2023-01-04 16:23:39.301209+00', '2023-01-11 16:23:39.301209+00');
INSERT INTO public.servers VALUES ('c87d2566-0c9c-48be-9d3d-d35c0b9cdeed', '534c0489-3202-4457-94fd-0ed6ae6884ed', 'Practice police single Democrat security make environmental claim.', 1, 'https://discord.gg/KDUsjpru', 'Color talk form produce good firm. Through rest analysis structure future finish maybe. Thank sort value third enter cause. Buy safe often former place wait compare. Small return prepare month stay special.', '2023-01-04 16:23:39.301209+00', '2023-01-11 16:23:39.301209+00');
INSERT INTO public.servers VALUES ('36d1a4fe-11e0-4b00-ae5f-c2133008738f', '49307772-f297-4c72-8666-5c5c1f2cf1cc', 'Among similar example woman with past back.', 1, 'https://discord.gg/CZvlJvVc', 'Pull if operation hold same none indeed both. Deal quite seat television list. Eye part effect bring likely central good.', '2023-01-04 16:23:39.301209+00', '2023-01-11 16:23:39.301209+00');
INSERT INTO public.servers VALUES ('8759b416-28e9-455c-94fd-cd0054aeccb0', '3679d806-3bfa-4733-9974-0f5066e36f9e', 'Bit general require avoid.', 2, '116.150.106.124:6697', 'Threat water fall present dinner. Leave there indeed value stuff produce. More whatever common over just while. Before choose girl use seem long. Together garden relationship now central federal animal.', '2023-01-04 16:23:39.301209+00', '2023-01-11 16:23:39.301209+00');
INSERT INTO public.servers VALUES ('efcffb17-78a2-42df-b420-a50e999ead75', '534c0489-3202-4457-94fd-0ed6ae6884ed', 'Pretty girl street alone leg.', 1, 'https://discord.gg/fgsrIyta', 'Reason address price bar exist. Month after action street involve. Else language so down. Director clearly administration behavior eye international debate head. Explain piece find certain write order. Truth yes view.', '2023-01-04 16:23:39.301209+00', '2023-01-11 16:23:39.301209+00');
INSERT INTO public.servers VALUES ('5ac6989b-7be3-4e5e-9678-be98d2109320', '237b5cb9-34b6-4546-8b02-a41da050b28f', 'Green market choose his respond.', 1, 'https://discord.gg/HEyQwQVY', 'Strong hot no expert discuss. Walk break our grow result young set. Relationship themselves process stay thing represent. Official go want senior. Claim picture firm bed artist sign.', '2023-01-04 16:23:39.301209+00', '2023-01-11 16:23:39.301209+00');
INSERT INTO public.servers VALUES ('0ad7661c-3e09-4681-9090-6631946a3dde', '317e4653-ad20-416c-8bf2-b481e8ba99f9', 'Economy difference discussion meeting.', 3, '107.84.207.64:6697', 'Career social usually edge situation. Difficult friend significant past TV business institution. Lawyer door everyone personal.', '2023-01-04 16:23:39.301209+00', '2023-01-11 16:23:39.301209+00');
INSERT INTO public.servers VALUES ('8ea3e77b-717f-43d0-a3a1-dbc886191455', '237b5cb9-34b6-4546-8b02-a41da050b28f', '[IRC] Lay wall six pretty space wide hard.', 4, '145.174.198.182:6697', 'Claim wear past exist almost so peace. Key official bill choice. Worry picture blood card development official window.', '2023-01-04 16:23:39.301209+00', '2023-01-11 16:23:39.301209+00');
INSERT INTO public.servers VALUES ('c27e86af-afa1-4309-85e0-e83a6d1cb492', '49307772-f297-4c72-8666-5c5c1f2cf1cc', 'Rate against rest name.', 3, '88.192.227.157:6697', 'Shake one personal own. Much machine person natural fight station. Meet marriage experience turn necessary. Continue begin soldier political area. Pull usually even those middle walk poor.', '2023-01-04 16:23:39.301209+00', '2023-01-11 16:23:39.301209+00');
INSERT INTO public.servers VALUES ('083939b4-b65e-45c4-be85-67bbcb1e3ff7', '49307772-f297-4c72-8666-5c5c1f2cf1cc', 'Ground be fact number you Mrs.', 3, '62.188.33.3:6697', 'Chance house month physical film. Girl concern perform. Interesting hospital go control. Build east eat. Recent so education American clearly. Much gun environment pretty hotel.', '2023-01-04 16:23:39.301209+00', '2023-01-11 16:23:39.301209+00');
INSERT INTO public.servers VALUES ('a6b00891-a826-415b-a126-49063cef9843', '3679d806-3bfa-4733-9974-0f5066e36f9e', 'Discuss morning while see.', 1, 'https://discord.gg/qAlmGHhM', 'Tv near future rest picture claim. Fly rather size method. Both college act evening recent experience. Rich benefit debate. Animal bed allow.', '2023-01-04 16:23:39.301209+00', '2023-01-11 16:23:39.301209+00');
INSERT INTO public.servers VALUES ('5aecab8d-e987-402a-a85a-c1405cbbc315', '317e4653-ad20-416c-8bf2-b481e8ba99f9', '[IRC] Administration run check.', 4, '88.26.118.89:6697', 'Policy memory school again. It care compare movie effort important. Movie TV behind back. Not southern actually.', '2023-01-04 16:23:39.301209+00', '2023-01-11 16:23:39.301209+00');
INSERT INTO public.servers VALUES ('90786d2c-a426-44af-a18e-1397087c3977', '534c0489-3202-4457-94fd-0ed6ae6884ed', 'Glass whole property baby window big.', 1, 'https://discord.gg/sHYufDPK', 'When interest attention stop start. Success street stuff learn out various. Much player water energy structure human gun large. Be floor week head blue decade.', '2023-01-04 16:23:39.301209+00', '2023-01-11 16:23:39.301209+00');
INSERT INTO public.servers VALUES ('3e1462ff-7514-4e45-9152-365d31e4e0f4', '317e4653-ad20-416c-8bf2-b481e8ba99f9', 'Itself condition focus eat school although.', 2, '65.37.22.130:6697', 'Lawyer public race accept state share. Chair allow situation affect college scientist. No source of different growth. Out force little green later figure letter.', '2023-01-04 16:23:39.301209+00', '2023-01-11 16:23:39.301209+00');
INSERT INTO public.servers VALUES ('bb99998d-cac2-494e-bbc7-d77880367737', '3679d806-3bfa-4733-9974-0f5066e36f9e', 'Pick over present day spring country edge.', 1, 'https://discord.gg/BtdwfbKu', 'Discover message process about start than specific. Serve every medical. Eye then couple both challenge hard one. Really range window network while. Assume likely understand spend wide radio. Explain sit truth south.', '2023-01-04 16:23:39.301209+00', '2023-01-11 16:23:39.301209+00');
INSERT INTO public.servers VALUES ('88ea922d-cd62-4f70-a0ed-92e662ac9cbc', '49307772-f297-4c72-8666-5c5c1f2cf1cc', '[IRC] Door majority white station drug lead method interesting.', 4, '203.179.136.24:6697', 'Movie country great. Citizen dog image especially. Probably born individual affect recognize. Six nothing care. Court magazine key cover sit.', '2023-01-04 16:23:39.301209+00', '2023-01-11 16:23:39.301209+00');
INSERT INTO public.servers VALUES ('37f4cad5-b871-4ab2-9274-c2889e95ebce', '49307772-f297-4c72-8666-5c5c1f2cf1cc', '[IRC] First low surface be too.', 4, '215.80.226.255:6697', 'Poor alone long address when notice paper sound. Star scene almost produce quite late. Cover sound institution leader.', '2023-01-04 16:23:39.301209+00', '2023-01-11 16:23:39.301209+00');
INSERT INTO public.servers VALUES ('9be9e337-da3c-4435-bb9b-a13b16a014d4', '49307772-f297-4c72-8666-5c5c1f2cf1cc', 'Bill amount amount course well against.', 1, 'https://discord.gg/dMOkXtdx', 'Most opportunity wife source. Energy organization house majority although watch base fight. Middle affect think wonder participant top.', '2023-01-04 16:23:39.301209+00', '2023-01-11 16:23:39.301209+00');
INSERT INTO public.servers VALUES ('3e4f0a2a-431d-468d-acb9-9aff55ff4797', '317e4653-ad20-416c-8bf2-b481e8ba99f9', 'Carry just around possible describe.', 3, '217.56.80.33:6697', 'Enjoy reach anything image. Place team somebody detail upon. Else include window Democrat war black. Serve first college house its night. Investment three score nation. World way purpose foot chance writer cost.', '2023-01-04 16:23:39.301209+00', '2023-01-11 16:23:39.301209+00');
INSERT INTO public.servers VALUES ('b7ae3e64-d070-4e37-865a-cf1e52cde5cc', '49307772-f297-4c72-8666-5c5c1f2cf1cc', 'Choose all phone morning.', 1, 'https://discord.gg/tBrPsrJr', 'Under remain responsibility beautiful call believe. Population concern region put town. Beyond maybe song up couple. State red color standard daughter. Return key memory together lawyer one while.', '2023-01-04 16:23:39.301209+00', '2023-01-11 16:23:39.301209+00');
INSERT INTO public.servers VALUES ('ca13d083-7986-4dac-987b-83c4f8c5b25f', '237b5cb9-34b6-4546-8b02-a41da050b28f', 'Pass where minute prove likely beyond hotel.', 2, '132.69.186.27:6697', 'Individual political particular. Single offer their popular relationship finally. By establish certainly author answer.', '2023-01-04 16:23:39.301209+00', '2023-01-11 16:23:39.301209+00');
INSERT INTO public.servers VALUES ('fd266806-a7e7-4c36-8410-dc5f9e694cd3', '3679d806-3bfa-4733-9974-0f5066e36f9e', 'Operation forget successful move.', 2, '173.127.206.128:6697', 'Evidence involve reason treatment. Right field poor result. Serve mean receive nature. Wall kind effect help significant our but. Strategy whether thank stuff should himself. Idea may result off day.', '2023-01-04 16:23:39.301209+00', '2023-01-11 16:23:39.301209+00');
INSERT INTO public.servers VALUES ('3a6280ef-4836-448e-a630-78fcc0c93e57', '49307772-f297-4c72-8666-5c5c1f2cf1cc', '[IRC] Teacher brother south recent box.', 4, '202.173.180.162:6697', 'Push be law if past hour stage. Amount rest turn all. Grow my tree cell individual. Shake huge force oil we organization billion.', '2023-01-04 16:23:39.301209+00', '2023-01-11 16:23:39.301209+00');
INSERT INTO public.servers VALUES ('2bc8aeb7-e4b4-4b07-bfa1-97ddba6858d3', '317e4653-ad20-416c-8bf2-b481e8ba99f9', 'Choose worker of.', 2, '203.32.99.5:6697', 'Face bad seek return. Day issue bad century raise when. Body bad subject someone.', '2023-01-04 16:23:39.301209+00', '2023-01-11 16:23:39.301209+00');
INSERT INTO public.servers VALUES ('5718aba6-5913-45de-8aa6-db26ec88d1c9', '317e4653-ad20-416c-8bf2-b481e8ba99f9', '[IRC] Need page west evening.', 4, '87.52.199.32:6697', 'Young fight case simply again. Memory rule answer sell why of herself. Process stand receive level cut.', '2023-01-04 16:23:39.301209+00', '2023-01-11 16:23:39.301209+00');
INSERT INTO public.servers VALUES ('0b531981-f5ba-4015-8e65-075d4fb64685', '3679d806-3bfa-4733-9974-0f5066e36f9e', 'For loss yes those guess dog affect.', 2, '138.188.26.201:6697', 'Condition decade over international stop. Before lot drive trouble institution pay. Lawyer lead bed information game fly key growth.', '2023-01-04 16:23:39.301209+00', '2023-01-11 16:23:39.301209+00');
INSERT INTO public.servers VALUES ('2f69033d-86b5-44fd-99d9-3eee291f9ddc', '317e4653-ad20-416c-8bf2-b481e8ba99f9', 'Teach modern right force question employee full yard.', 2, '156.226.163.34:6697', 'Music body walk none range example along. All mind carry indeed nature plant movement model. Common station role share. Program past look talk democratic. Just trade I morning marriage.', '2023-01-04 16:23:39.301209+00', '2023-01-11 16:23:39.301209+00');
INSERT INTO public.servers VALUES ('929baab4-c95a-4b48-8624-e5afc968ce45', '534c0489-3202-4457-94fd-0ed6ae6884ed', '[IRC] Seem catch range carry compare hundred class executive.', 4, '161.201.70.202:6697', 'They provide section. None imagine recent lawyer. Such blue style town item. Three too onto subject right majority. Less team senior mention more well. Possible inside character six.', '2023-01-04 16:23:39.301209+00', '2023-01-11 16:23:39.301209+00');
INSERT INTO public.servers VALUES ('78c23b13-6dcd-4791-a049-0439114c347c', '49307772-f297-4c72-8666-5c5c1f2cf1cc', '[IRC] Career little much first.', 4, '148.26.46.152:6697', 'Name onto great outside. Democratic arm exactly military money. Coach voice consider face need. Spring store little not sense.', '2023-01-04 16:23:39.301209+00', '2023-01-11 16:23:39.301209+00');
INSERT INTO public.servers VALUES ('f26489f6-7a5a-4ba7-ad57-b61d5dcc01e2', '534c0489-3202-4457-94fd-0ed6ae6884ed', 'Buy manage customer increase.', 2, '59.119.201.205:6697', 'May large above. Else official audience force cut time give consider. None board new not number produce.', '2023-01-04 16:23:39.301209+00', '2023-01-11 16:23:39.301209+00');
INSERT INTO public.servers VALUES ('5dea5dbb-d825-4b22-9ba9-074e0af535a5', '317e4653-ad20-416c-8bf2-b481e8ba99f9', 'Believe history radio section site father before leg.', 3, '207.196.180.46:6697', 'Others tend maybe my call every. System environment final whatever campaign staff want economy. Heavy use drug enter. Interview approach best hard talk hundred.', '2023-01-04 16:23:39.301209+00', '2023-01-11 16:23:39.301209+00');
INSERT INTO public.servers VALUES ('56ba7446-bc05-47b3-9d32-fffda7df8f9b', '49307772-f297-4c72-8666-5c5c1f2cf1cc', 'Camera tonight want senior trip door government.', 2, '204.80.237.224:6697', 'Memory garden with billion light. Always city five what resource. Law follow thing chair staff serious tough.', '2023-01-04 16:23:39.301209+00', '2023-01-11 16:23:39.301209+00');
INSERT INTO public.servers VALUES ('004b2448-5805-4ae6-a209-820dd84226c1', '237b5cb9-34b6-4546-8b02-a41da050b28f', 'Mention partner language they as.', 2, '47.181.107.111:6697', 'Him card consumer back travel. White up daughter skill. Somebody director growth clear. Ahead responsibility want consider nature environment less realize.', '2023-01-04 16:23:39.301209+00', '2023-01-11 16:23:39.301209+00');
INSERT INTO public.servers VALUES ('4357661b-7f4b-40cb-9819-095e60d450c5', '237b5cb9-34b6-4546-8b02-a41da050b28f', '[IRC] Something today or world best continue article.', 4, '169.93.160.223:6697', 'Team every job happen determine maintain knowledge mind. Name peace American base. Among generation need bed rock action.', '2023-01-04 16:23:39.301209+00', '2023-01-11 16:23:39.301209+00');
INSERT INTO public.servers VALUES ('6774c7b5-0959-46fe-a679-7b3854795990', '237b5cb9-34b6-4546-8b02-a41da050b28f', 'Tv medical picture pass.', 2, '216.116.206.107:6697', 'Commercial full report deep wrong expect. Easy picture notice tend front lawyer plan opportunity. Live practice candidate something. Past hand class many Mr. Scientist work fire including forward. Professor rich nor behind hour. Road actually when agreement fall piece.', '2023-01-04 16:23:39.301209+00', '2023-01-11 16:23:39.301209+00');
INSERT INTO public.servers VALUES ('e64b725e-4674-4f9e-9ada-023afe7db977', '534c0489-3202-4457-94fd-0ed6ae6884ed', '[IRC] Voice maintain ever away second.', 4, '143.193.50.99:6697', 'Away program window. All put official east benefit allow tell sit. Computer central throw never. Together charge evidence money nice around. Just pass control recent during discussion long.', '2023-01-04 16:23:39.301209+00', '2023-01-11 16:23:39.301209+00');
INSERT INTO public.servers VALUES ('953c51a9-2ebb-41d0-af35-1bd9a859fabd', '49307772-f297-4c72-8666-5c5c1f2cf1cc', 'Agent scene go far later minute threat.', 3, '41.228.159.69:6697', 'Have such election truth pass. Despite student church likely author. Involve conference policy past enjoy recently although. Wall middle teach during court.', '2023-01-04 16:23:39.301209+00', '2023-01-11 16:23:39.301209+00');
INSERT INTO public.servers VALUES ('eba164ec-563d-4ab9-9c23-a2cc44aa2b97', '3679d806-3bfa-4733-9974-0f5066e36f9e', 'Sense agency pretty.', 1, 'https://discord.gg/xYUNFGns', 'Call central across right. Manage sort heart economic ago water message. Truth thank black time answer. To my number production number. Speech piece plant chair chair. Share generation any she point less lose.', '2023-01-04 16:23:39.301209+00', '2023-01-11 16:23:39.301209+00');
INSERT INTO public.servers VALUES ('3bc7e8f9-ad4f-4187-be21-a8fd40129c38', '534c0489-3202-4457-94fd-0ed6ae6884ed', 'Again four coach poor foreign assume industry.', 3, '27.146.30.78:6697', 'Institution visit never seem sense. Throw heavy agree. Change particular want score fire main evening. Citizen avoid natural seat. Training man party world ask family.', '2023-01-04 16:23:39.301209+00', '2023-01-11 16:23:39.301209+00');
INSERT INTO public.servers VALUES ('dff56615-e21d-4078-9e3f-7decd8188026', '317e4653-ad20-416c-8bf2-b481e8ba99f9', 'Memory doctor sometimes field involve improve body pay.', 1, 'https://discord.gg/UvJIJgcU', 'Choose give however still relate card able. Analysis suggest magazine reflect wear that good. Clearly method ready professor. Serious talk customer enter town charge. Book film word bed success.', '2023-01-04 16:23:39.301209+00', '2023-01-11 16:23:39.301209+00');
INSERT INTO public.servers VALUES ('81dd84ac-4d4d-4cde-9d9a-d56996eb98f5', '237b5cb9-34b6-4546-8b02-a41da050b28f', 'Former leave value in job.', 1, 'https://discord.gg/KJPbILwc', 'Front responsibility despite song mention affect camera. Guess process community else movement production. Place surface much majority. History practice fish son discussion help.', '2023-01-04 16:23:39.301209+00', '2023-01-11 16:23:39.301209+00');
INSERT INTO public.servers VALUES ('c4f434bf-ecf6-429d-8105-eca04a089f6a', '534c0489-3202-4457-94fd-0ed6ae6884ed', '[IRC] Here growth bar myself hotel say hospital.', 4, '95.221.200.87:6697', 'Such then state require idea there. Movement design material space trial development question. Near hit TV.', '2023-01-04 16:23:39.301209+00', '2023-01-11 16:23:39.301209+00');
INSERT INTO public.servers VALUES ('36964dbb-79ae-442c-8bcd-abe70f04dcbc', '317e4653-ad20-416c-8bf2-b481e8ba99f9', 'Book reason field body girl reality build.', 1, 'https://discord.gg/AqRlgWma', 'Require with home person. Area country cause stuff nothing who discussion. Other poor technology matter reality yourself produce.', '2023-01-04 16:23:39.301209+00', '2023-01-11 16:23:39.301209+00');
INSERT INTO public.servers VALUES ('e53e2cae-1c4b-497e-9c74-f3f2f1859a7a', '237b5cb9-34b6-4546-8b02-a41da050b28f', '[IRC] Race hot clearly enter.', 4, '59.113.21.30:6697', 'Arrive hair away want spring theory. Matter executive land author budget guy read. Red admit avoid step reality. Cost green carry able moment and. Thus wait majority enter.', '2023-01-04 16:23:39.301209+00', '2023-01-11 16:23:39.301209+00');
INSERT INTO public.servers VALUES ('dea70a68-b413-4672-8d6d-6c53fc458e66', '3679d806-3bfa-4733-9974-0f5066e36f9e', 'Notice floor not who size.', 2, '217.245.169.178:6697', 'Responsibility care adult. Agency in several popular laugh customer. Hope unit low. I card enter board. Project less green myself white option direction story. Newspaper relate power similar owner sort as.', '2023-01-04 16:23:39.301209+00', '2023-01-11 16:23:39.301209+00');
INSERT INTO public.servers VALUES ('678fc972-ee00-4758-b9a5-ffe0bc8e42a9', '3679d806-3bfa-4733-9974-0f5066e36f9e', 'Republican fine memory build.', 3, '158.22.249.236:6697', 'Admit animal may under apply station boy. Church perform important including night wall. Morning whom travel church like. Start plant just tell have another particularly. Seat training bag character thought.', '2023-01-04 16:23:39.301209+00', '2023-01-11 16:23:39.301209+00');
INSERT INTO public.servers VALUES ('a0c65839-4557-4084-82cb-6c6224c26424', '534c0489-3202-4457-94fd-0ed6ae6884ed', '[IRC] Build man political camera former water.', 4, '148.172.87.55:6697', 'Up article trip PM mouth challenge what. Pass care machine important writer. Group perhaps daughter seven include safe. Piece answer effort course material. Approach happen number ready tell.', '2023-01-04 16:23:39.301209+00', '2023-01-11 16:23:39.301209+00');
INSERT INTO public.servers VALUES ('63269c75-c15e-412f-9b78-0e06b6f54370', '317e4653-ad20-416c-8bf2-b481e8ba99f9', 'Dream travel check.', 2, '218.209.3.232:6697', 'Long either become. Fire establish radio beat economic. Much rather certainly even administration economic thing be. Administration summer behavior. Too activity region quite court.', '2023-01-04 16:23:39.301209+00', '2023-01-11 16:23:39.301209+00');
INSERT INTO public.servers VALUES ('d091fb03-0e8f-48e4-8b03-6c3614cef58b', '534c0489-3202-4457-94fd-0ed6ae6884ed', 'Western line PM performance glass.', 2, '214.65.150.39:6697', 'Establish whom vote entire time activity reality. Star discuss political lose. Attack talk us candidate stuff I model.', '2023-01-04 16:23:39.301209+00', '2023-01-11 16:23:39.301209+00');
INSERT INTO public.servers VALUES ('c4f8440b-1dea-45fe-96ec-a6e28524d0d3', '237b5cb9-34b6-4546-8b02-a41da050b28f', 'Treat politics growth assume.', 1, 'https://discord.gg/LFhPdzbn', 'Sometimes election floor rock. Item those single foreign leg against beyond. Third follow just three. Great here lawyer pay across individual dog. Goal follow nice hit official enjoy finish. Meet million case store turn everything book. Remember factor here produce guy special throughout.', '2023-01-04 16:23:39.301209+00', '2023-01-11 16:23:39.301209+00');
INSERT INTO public.servers VALUES ('4659ce61-c809-42eb-af67-771f91f90c05', '49307772-f297-4c72-8666-5c5c1f2cf1cc', 'Card country range contain.', 1, 'https://discord.gg/fVxZXKyR', 'Those stage involve official pick rule range. Again most television picture own account pretty. Without shake help hear cultural.', '2023-01-04 16:23:39.301209+00', '2023-01-11 16:23:39.301209+00');
INSERT INTO public.servers VALUES ('f425f0d4-9c85-4435-b531-e0bc1a5394ec', '49307772-f297-4c72-8666-5c5c1f2cf1cc', 'Many him customer need Democrat six recent window.', 1, 'https://discord.gg/jwKqUBuz', 'National property land same. Wall attention sport receive style. Color end strategy son able happy rise. Five necessary prevent city citizen last certainly.', '2023-01-04 16:23:39.301209+00', '2023-01-11 16:23:39.301209+00');
INSERT INTO public.servers VALUES ('314d142d-a6e9-4e37-8580-ff169d23350b', '49307772-f297-4c72-8666-5c5c1f2cf1cc', '[IRC] Well hold including man.', 4, '29.23.10.140:6697', 'Find their I. Indeed left tough dog. Bring student far project record story. End old something let tend.', '2023-01-04 16:23:39.301209+00', '2023-01-11 16:23:39.301209+00');
INSERT INTO public.servers VALUES ('e593bf5a-73a4-4c6f-97f2-6b50c53c6cd9', '317e4653-ad20-416c-8bf2-b481e8ba99f9', 'Capital decade give personal set agency reveal.', 1, 'https://discord.gg/lUteKrql', 'Pay hard ask give everyone. Send probably network friend Mr before decade. Accept something travel example. Someone still sure particular ahead.', '2023-01-04 16:23:39.301209+00', '2023-01-11 16:23:39.301209+00');
INSERT INTO public.servers VALUES ('e12a7ffa-5ff7-458d-9491-eb02f309d8a0', '3679d806-3bfa-4733-9974-0f5066e36f9e', 'More year moment body whether.', 1, 'https://discord.gg/dqGSzvCz', 'Whole drop down yard Democrat. Myself order those. Total test already although. Personal poor color. Human organization power rather discuss say find. Agent development protect across these.', '2023-01-04 16:23:39.301209+00', '2023-01-11 16:23:39.301209+00');
INSERT INTO public.servers VALUES ('6b8a3e8c-89cf-44ea-8e94-759cbcac3b3f', '237b5cb9-34b6-4546-8b02-a41da050b28f', '[IRC] Something everybody adult energy traditional media worry.', 4, '172.67.175.232:6697', 'Answer also also first individual. Health simply big might if air. Establish long create agreement save anything try international. Range the hit finish personal. Wide chair talk senior move.', '2023-01-04 16:23:39.301209+00', '2023-01-11 16:23:39.301209+00');
INSERT INTO public.servers VALUES ('2a24d2cd-b85e-4ee4-97f2-50ba3501130e', '237b5cb9-34b6-4546-8b02-a41da050b28f', '[IRC] Value choice cultural enjoy sort.', 4, '166.238.69.251:6697', 'Myself company special manage threat their. Police security able. Catch their deal will upon. Family lawyer collection your song performance president. Together enjoy special. Notice president term history social just.', '2023-01-04 16:23:39.301209+00', '2023-01-11 16:23:39.301209+00');
INSERT INTO public.servers VALUES ('d392b411-b272-4b59-a3bb-a23c8e0d0f9d', '237b5cb9-34b6-4546-8b02-a41da050b28f', 'Letter certainly lawyer good feeling political.', 2, '139.53.7.129:6697', 'Book run resource page office particularly. Trouble expect with go. Girl most culture set. Include both suddenly Mr. Lead alone wind pay history by. Look night if decade difference wall past task.', '2023-01-04 16:23:39.301209+00', '2023-01-11 16:23:39.301209+00');
INSERT INTO public.servers VALUES ('3a7e2c3c-3d55-48cc-8bbe-67ce78d37bc4', '237b5cb9-34b6-4546-8b02-a41da050b28f', '[IRC] Section think sell real win gun hundred.', 4, '198.178.111.56:6697', 'Maintain dog as question fill sport PM. Dinner agency large decade clear send. Happen can box effort watch building site mention. Short onto help many city be. Present home group can. Kid drop conference second.', '2023-01-04 16:23:39.301209+00', '2023-01-11 16:23:39.301209+00');
INSERT INTO public.servers VALUES ('51ddfc12-3798-48ec-9387-c5a21587d41f', '534c0489-3202-4457-94fd-0ed6ae6884ed', 'Establish increase already worker fund kid.', 3, '154.211.116.198:6697', 'Card often realize site country beyond. Condition civil door professional commercial admit answer left. Sound team subject me. Why body wish increase. Doctor out my your.', '2023-01-04 16:23:39.301209+00', '2023-01-11 16:23:39.301209+00');
INSERT INTO public.servers VALUES ('56dd707f-f897-4e07-8f2a-d13b5ce1391e', '237b5cb9-34b6-4546-8b02-a41da050b28f', 'Room learn kid as structure consider second.', 2, '219.54.60.236:6697', 'Travel rise teach simply firm concern husband. Pressure road most feeling now boy. Medical every area PM day forward. Many protect drug law start.', '2023-01-04 16:23:39.301209+00', '2023-01-11 16:23:39.301209+00');
INSERT INTO public.servers VALUES ('03b097dd-dd99-4bd4-8c79-3d7e03bff922', '3679d806-3bfa-4733-9974-0f5066e36f9e', '[IRC] Husband traditional pay.', 4, '50.177.84.109:6697', 'Important than suggest success worker relate. Start hour building win child. Capital trip do prove live bank. Century common much according American.', '2023-01-04 16:23:39.301209+00', '2023-01-11 16:23:39.301209+00');
INSERT INTO public.servers VALUES ('0a6527fb-e592-4af5-91cc-bce182a650c8', '3679d806-3bfa-4733-9974-0f5066e36f9e', 'Item shake far.', 2, '118.29.104.88:6697', 'Maybe threat significant seven not nice. Room reduce sit rather over. Feeling full short two final around market. Week professor similar without. Share lead across soldier nation them have. Our high case.', '2023-01-04 16:23:39.301209+00', '2023-01-11 16:23:39.301209+00');
INSERT INTO public.servers VALUES ('05cd8c90-2ff1-4824-8467-6c5218cf5bb5', '49307772-f297-4c72-8666-5c5c1f2cf1cc', 'Hear arrive key low second various about.', 1, 'https://discord.gg/mjJkFGnm', 'Last deal moment high somebody whole cup health. Technology again type. A different clear speech per near.', '2023-01-04 16:23:39.301209+00', '2023-01-11 16:23:39.301209+00');
INSERT INTO public.servers VALUES ('564d4ec4-f715-4451-b463-a9a7b65389fc', '534c0489-3202-4457-94fd-0ed6ae6884ed', 'Pattern church wear their suddenly here.', 1, 'https://discord.gg/FNuYzbAo', 'Doctor represent perform still article project send. Nation especially or try now. Member share inside treatment Mr. Good scene president. Free second oil note sister drug. Must first technology team turn.', '2023-01-04 16:23:39.301209+00', '2023-01-11 16:23:39.301209+00');
INSERT INTO public.servers VALUES ('97ec4f57-3f72-4726-ac6b-bbd79e251e60', '534c0489-3202-4457-94fd-0ed6ae6884ed', '[IRC] Kind response pressure as.', 4, '193.169.119.184:6697', 'Interview wind huge field population industry. Hand particular remember dog. Buy field care.', '2023-01-04 16:23:39.301209+00', '2023-01-11 16:23:39.301209+00');
INSERT INTO public.servers VALUES ('daf2baa3-0149-4b21-ad7f-22cdb629e728', '317e4653-ad20-416c-8bf2-b481e8ba99f9', 'Create action simply skill hope.', 1, 'https://discord.gg/TJneJtft', 'Chair attorney almost perhaps me myself statement. Town mention cover score receive pass personal. Eye despite fear book someone push act win. Spend nice test fight window Mrs. Eye since determine young image writer. Learn season various bar ball.', '2023-01-04 16:23:39.301209+00', '2023-01-11 16:23:39.301209+00');
INSERT INTO public.servers VALUES ('fad7c63f-5250-4803-8f53-6d13b334be09', '317e4653-ad20-416c-8bf2-b481e8ba99f9', 'Least film threat Mrs probably decision reason.', 2, '196.25.17.163:6697', 'Buy song help mention. Church offer indeed. Two the though security.', '2023-01-04 16:23:39.301209+00', '2023-01-11 16:23:39.301209+00');
INSERT INTO public.servers VALUES ('37f96c1f-4f43-41b9-a323-f1adacf11870', '49307772-f297-4c72-8666-5c5c1f2cf1cc', 'Apply note south image discussion child reason responsibility.', 1, 'https://discord.gg/saVOYigI', 'World point they dog. Food build call avoid open true. His half couple little employee gas. Including same activity value another issue hand. Theory because foot second TV. Ground contain fear choose role poor.', '2023-01-04 16:23:39.301209+00', '2023-01-11 16:23:39.301209+00');
INSERT INTO public.servers VALUES ('99bd86ce-d74b-4c5b-af3a-940b7a60c8f4', '49307772-f297-4c72-8666-5c5c1f2cf1cc', 'Particularly use true future.', 1, 'https://discord.gg/AlolelAG', 'Movie say instead care or. Song practice that really concern piece dinner consumer. Senior various task necessary mind here. Human in same option oil five so. Ever growth full. Get name nice population soon either such.', '2023-01-04 16:23:39.301209+00', '2023-01-11 16:23:39.301209+00');
INSERT INTO public.servers VALUES ('3d01bc37-930f-4dee-b1ca-d82c44ab03aa', '3679d806-3bfa-4733-9974-0f5066e36f9e', 'Nature age sort through many.', 2, '83.171.127.204:6697', 'Eat eat again happen face sport skill. Authority candidate establish have. Lawyer manage read take. Company reality from citizen approach. Information easy once safe they beat huge answer. Interesting hard production thought.', '2023-01-04 16:23:39.301209+00', '2023-01-11 16:23:39.301209+00');
INSERT INTO public.servers VALUES ('17e4075c-f4cb-4c0c-ad12-d4de95da6f14', '49307772-f297-4c72-8666-5c5c1f2cf1cc', 'Particularly upon voice gas.', 2, '221.253.240.99:6697', 'Yes everything still each risk together. Sign middle white rock. Whether dog officer sister.', '2023-01-04 16:23:39.301209+00', '2023-01-11 16:23:39.301209+00');
INSERT INTO public.servers VALUES ('bc27be53-d6b1-42e2-a8bb-991142a2f767', '237b5cb9-34b6-4546-8b02-a41da050b28f', '[IRC] Away cup thought.', 4, '49.126.250.160:6697', 'Door material sister production. Person remember head opportunity. Fill successful drive probably response figure consider. Policy well pattern.', '2023-01-04 16:23:39.301209+00', '2023-01-11 16:23:39.301209+00');
INSERT INTO public.servers VALUES ('ddacdcbc-7532-484b-9bde-53ea32f2b57b', '3679d806-3bfa-4733-9974-0f5066e36f9e', 'Professional area doctor.', 3, '121.117.14.155:6697', 'Lot short paper order those. Bank my seat modern piece main knowledge nation. Whole best mention quickly raise. True reduce carry. Sense face few control realize million imagine increase.', '2023-01-04 16:23:39.301209+00', '2023-01-11 16:23:39.301209+00');
INSERT INTO public.servers VALUES ('4359c2c6-f3f9-4c38-ac80-0f50ad46cb22', '3679d806-3bfa-4733-9974-0f5066e36f9e', 'Science look certainly enter stay clear event.', 2, '12.125.253.30:6697', 'Toward who build writer response available. Difference identify dog soldier. Authority relate tax benefit state believe letter politics. Machine move rest parent seek note law tend. Stock television some few.', '2023-01-04 16:23:39.301209+00', '2023-01-11 16:23:39.301209+00');
INSERT INTO public.servers VALUES ('d6f1ad07-689c-48a3-afd5-bca78d3b28a6', '534c0489-3202-4457-94fd-0ed6ae6884ed', 'Black where all surface difference fall.', 1, 'https://discord.gg/UxZsqNDe', 'Focus card growth parent occur. Success goal practice almost big because into. Who agency believe job could. Bring PM around. Some seven treatment record personal election. Off near should talk.', '2023-01-04 16:23:39.301209+00', '2023-01-11 16:23:39.301209+00');
INSERT INTO public.servers VALUES ('b4e30bbb-8377-4b41-8536-af4421aebdcd', '534c0489-3202-4457-94fd-0ed6ae6884ed', 'Detail page yes full serious physical personal.', 1, 'https://discord.gg/ISdgYBdo', 'Price country position example production college write. Yeah assume young Mr once local no effect. Ball military structure firm station forget. Example blood term discuss state so. Many fast design yet personal theory admit huge.', '2023-01-04 16:23:39.301209+00', '2023-01-11 16:23:39.301209+00');
INSERT INTO public.servers VALUES ('05852369-826a-4915-8098-20d2e6ed50fb', '237b5cb9-34b6-4546-8b02-a41da050b28f', 'Reveal respond truth himself.', 3, '179.176.145.96:6697', 'Game great market relationship be television owner. Interview middle bit rate debate cold. Staff effect street. Before picture bill enter north. Despite herself big good throw.', '2023-01-04 16:23:39.301209+00', '2023-01-11 16:23:39.301209+00');
INSERT INTO public.servers VALUES ('d1c51b32-05cf-40e7-8521-ab9905f4e51b', '317e4653-ad20-416c-8bf2-b481e8ba99f9', '[IRC] Their life draw news newspaper pay blood.', 4, '152.172.162.225:6697', 'Feel yeah remain unit. It thank day close election financial agreement. Ten today office how fight professional product.', '2023-01-04 16:23:39.301209+00', '2023-01-11 16:23:39.301209+00');
INSERT INTO public.servers VALUES ('5d5eb0d0-2582-44be-840f-e16534f64926', '3679d806-3bfa-4733-9974-0f5066e36f9e', 'National mean government board.', 3, '200.113.214.41:6697', 'Right share fast case eight treatment. You from environmental pressure staff. Service much everyone support. Dark ask hold career. Expert half leg eat because. Discuss artist mouth real experience.', '2023-01-04 16:23:39.301209+00', '2023-01-11 16:23:39.301209+00');
INSERT INTO public.servers VALUES ('02d97b8f-913a-42f6-bd14-bf31e3a4470d', '49307772-f297-4c72-8666-5c5c1f2cf1cc', 'Officer left cost plan specific world.', 1, 'https://discord.gg/brwFPfpV', 'Less none leave per. A word must experience. On give per matter. Size during ok service. Stuff across allow four suggest long join. Short worry state prevent common particular push.', '2023-01-04 16:23:39.301209+00', '2023-01-11 16:23:39.301209+00');
INSERT INTO public.servers VALUES ('476e288c-ae62-402e-8392-23ca3fe24e4a', '3679d806-3bfa-4733-9974-0f5066e36f9e', 'These protect baby good try nearly.', 1, 'https://discord.gg/rnbgSYGr', 'Myself minute order well research seat book exactly. Decade vote hand past couple knowledge nature. Major sometimes leave sound design reflect. Picture but purpose feeling. Full foot over account box discuss great.', '2023-01-04 16:23:39.301209+00', '2023-01-11 16:23:39.301209+00');
INSERT INTO public.servers VALUES ('80aa0964-91af-4314-a742-55b4b5ee9c0b', '317e4653-ad20-416c-8bf2-b481e8ba99f9', 'Sea color possible throughout happy guess.', 2, '215.93.206.17:6697', 'Mission form offer take hundred expect. Difference officer each major state baby. Produce thank movement arm eat. Society environment thing should.', '2023-01-04 16:23:39.301209+00', '2023-01-11 16:23:39.301209+00');
INSERT INTO public.servers VALUES ('c22db8fc-3b79-4d9b-9510-9cfd4e3cdba9', '237b5cb9-34b6-4546-8b02-a41da050b28f', 'Forward see mouth well including growth present.', 1, 'https://discord.gg/yiUmPWmN', 'Win participant thus leg stay operation west page. Three hope politics price focus. Begin ready store wind participant seat bad strategy. Spend according other continue. Focus tell source effect collection. Seat group hospital whose remain service.', '2023-01-04 16:23:39.301209+00', '2023-01-11 16:23:39.301209+00');
INSERT INTO public.servers VALUES ('42530ca3-a7d8-4aac-b4e5-61caf1a23fba', '317e4653-ad20-416c-8bf2-b481e8ba99f9', 'Show everyone everything education mind.', 1, 'https://discord.gg/abPmTuVR', 'Number number detail economy budget sit. Leg class child prove require recent in agreement. Region add night institution better red. Thus fear modern. Test cause lawyer car fast author contain. Consider two bit Congress yard.', '2023-01-04 16:23:39.301209+00', '2023-01-11 16:23:39.301209+00');
INSERT INTO public.servers VALUES ('210d0ca2-3779-4cba-b17d-55f317ea7881', '3679d806-3bfa-4733-9974-0f5066e36f9e', 'Despite support structure grow step learn open theory.', 2, '175.66.141.49:6697', 'During throughout me although. Through blue foot political democratic well throw gas. Others sign buy reduce event lawyer.', '2023-01-04 16:23:39.301209+00', '2023-01-11 16:23:39.301209+00');
INSERT INTO public.servers VALUES ('931c010d-569c-4172-9b9c-ba7a854824ea', '534c0489-3202-4457-94fd-0ed6ae6884ed', 'Arm establish throughout free election throughout really person.', 2, '221.112.111.62:6697', 'Student fast really able. Sit some and write prepare certainly left. Situation pass from use car leg mention water. Far painting as win choose. Partner I yourself. Bring report not account view must.', '2023-01-04 16:23:39.301209+00', '2023-01-11 16:23:39.301209+00');
INSERT INTO public.servers VALUES ('a0226aae-dbe0-4fe1-962f-814e51066f0f', '237b5cb9-34b6-4546-8b02-a41da050b28f', '[IRC] Board direction before ability listen recently always.', 4, '194.180.165.131:6697', 'Mission gas drive guy whom case his. Camera involve late film three real nation. Exactly attack defense road from mouth.', '2023-01-04 16:23:39.301209+00', '2023-01-11 16:23:39.301209+00');
INSERT INTO public.servers VALUES ('f5ce6e88-4820-42c6-8442-b889c3dfe1fd', '237b5cb9-34b6-4546-8b02-a41da050b28f', 'Small sense language world half each.', 2, '177.164.235.116:6697', 'Relate through officer floor glass from teach. Your four husband. Sport size major cause financial stage. Could debate wide focus order.', '2023-01-04 16:23:39.301209+00', '2023-01-11 16:23:39.301209+00');
INSERT INTO public.servers VALUES ('dcbc54b8-c896-425b-8115-b0a9d054e261', '237b5cb9-34b6-4546-8b02-a41da050b28f', 'Fill left sport coach model.', 3, '223.206.85.153:6697', 'Indeed respond agent quite education skin. Administration health seven develop establish. Themselves more reach none time medical sense list. Raise event visit evidence safe. Consumer article significant that deep deal. And feeling price eat miss.', '2023-01-04 16:23:39.301209+00', '2023-01-11 16:23:39.301209+00');
INSERT INTO public.servers VALUES ('f1e3bca2-5dd1-4d0a-a40e-8a5ee4733a96', '49307772-f297-4c72-8666-5c5c1f2cf1cc', 'Lose room our offer throw table.', 3, '140.66.91.152:6697', 'Effort argue win. Wide woman serve it fund. Bed laugh true bag.', '2023-01-04 16:23:39.301209+00', '2023-01-11 16:23:39.301209+00');
INSERT INTO public.servers VALUES ('c1a4caf1-ff60-443d-8ac9-b0cb27fb9f41', '534c0489-3202-4457-94fd-0ed6ae6884ed', 'Year interest record choice performance keep health consumer.', 2, '176.73.75.250:6697', 'Number federal else another lay. Sea should rock this. Threat final two certain three final. Response town my. Company any road Congress.', '2023-01-04 16:23:39.301209+00', '2023-01-11 16:23:39.301209+00');
INSERT INTO public.servers VALUES ('8d84cd25-7e55-4877-9ec5-9c6a1456c826', '49307772-f297-4c72-8666-5c5c1f2cf1cc', 'Region religious call hospital today.', 3, '52.129.160.122:6697', 'Show leader statement key across image study ready. Turn system letter quality hear produce look reduce. Security stuff land. Teacher we others prevent company pressure future. Office hard simply particularly political be last later. Above agent professor contain local a with.', '2023-01-04 16:23:39.301209+00', '2023-01-11 16:23:39.301209+00');
INSERT INTO public.servers VALUES ('a0a26480-7f8a-4f88-8993-04c1a025cfc0', '317e4653-ad20-416c-8bf2-b481e8ba99f9', 'Skill now loss fill best free.', 1, 'https://discord.gg/KmsqrByy', 'Series make guy old play stuff. Newspaper difficult what sure claim. Western these then effort guy three future. Foot stop across five. Drive drug attorney. Front enter prevent seem woman compare season.', '2023-01-04 16:23:39.301209+00', '2023-01-11 16:23:39.301209+00');
INSERT INTO public.servers VALUES ('95eaf973-7437-4615-95cf-390def341c33', '317e4653-ad20-416c-8bf2-b481e8ba99f9', 'Unit drive American this notice it.', 2, '117.165.131.71:6697', 'What shake college employee. Prevent piece growth buy young short. Imagine all standard finish. Owner mind individual necessary develop cover civil. He near population treatment. Course prepare decade north mother according through because.', '2023-01-04 16:23:39.301209+00', '2023-01-11 16:23:39.301209+00');
INSERT INTO public.servers VALUES ('78084b49-420d-4061-8627-ffd657aebfe3', '49307772-f297-4c72-8666-5c5c1f2cf1cc', 'Go manager fill become.', 3, '158.65.126.213:6697', 'Time believe worry affect fight work hospital. Central soldier industry account bill how city. Building benefit during behind loss. Short late loss almost maybe loss. Result stay baby any.', '2023-01-04 16:23:39.301209+00', '2023-01-11 16:23:39.301209+00');
INSERT INTO public.servers VALUES ('9809d1ad-fb21-45b5-b086-fcc107f835c2', '3679d806-3bfa-4733-9974-0f5066e36f9e', 'Win back lawyer.', 1, 'https://discord.gg/trpaBIkz', 'Agency paper voice say. Beyond different onto garden wind. Stop law couple leave them. Nor clear inside have all. Building bag save bill sign stuff. Sign pattern exist family on market.', '2023-01-04 16:23:39.301209+00', '2023-01-11 16:23:39.301209+00');
INSERT INTO public.servers VALUES ('1bb7e128-dd3e-4517-bfaa-f61acecf6271', '534c0489-3202-4457-94fd-0ed6ae6884ed', 'Meeting central none onto magazine.', 1, 'https://discord.gg/uCNwNggP', 'Produce foreign million plant travel professional off. Fill today next suggest. Whom action detail character.', '2023-01-04 16:23:39.301209+00', '2023-01-11 16:23:39.301209+00');
INSERT INTO public.servers VALUES ('f70adf5b-d900-474a-bda9-4ca7f3f98d8e', '317e4653-ad20-416c-8bf2-b481e8ba99f9', 'Drug into offer arm foot popular.', 3, '216.252.174.48:6697', 'Indicate agent source approach. However public research question. Wide these indeed design parent teacher. Bit Democrat improve future do spend learn. Surface sign discover meet maybe box.', '2023-01-04 16:23:39.301209+00', '2023-01-11 16:23:39.301209+00');
INSERT INTO public.servers VALUES ('b91ce502-52eb-4afc-938d-7a63465fe356', '317e4653-ad20-416c-8bf2-b481e8ba99f9', 'Event none wish yes perhaps decade.', 3, '210.240.143.8:6697', 'Mrs article recent fly eight idea least. Easy recently population wide across already. She control television house.', '2023-01-04 16:23:39.301209+00', '2023-01-11 16:23:39.301209+00');
INSERT INTO public.servers VALUES ('24d099a1-f5ad-44b9-b467-534b8338915b', '3679d806-3bfa-4733-9974-0f5066e36f9e', 'Quality lose south executive wife foreign.', 2, '72.202.84.155:6697', 'Fast race determine sort approach. Time daughter game animal old more. Prevent seem page begin within body really own.', '2023-01-04 16:23:39.301209+00', '2023-01-11 16:23:39.301209+00');
INSERT INTO public.servers VALUES ('2bd7da1e-00de-4ceb-bc52-facbaf572bc1', '3679d806-3bfa-4733-9974-0f5066e36f9e', '[IRC] Rock week bit left must husband who.', 4, '160.220.1.70:6697', 'Water final move memory. Send performance join party. Official mean wall either keep. Raise become soldier collection kitchen. Few serve that fund.', '2023-01-04 16:23:39.301209+00', '2023-01-11 16:23:39.301209+00');
INSERT INTO public.servers VALUES ('65adedd0-102e-4343-a5c3-5e35762a3bd9', '317e4653-ad20-416c-8bf2-b481e8ba99f9', 'Than year conference drive future.', 2, '202.191.255.255:6697', 'Impact ok visit different back country. Consumer friend opportunity political foot trade save. While receive nature sort beautiful part. Mrs help option. Movement dog charge. Few ago painting.', '2023-01-04 16:23:39.301209+00', '2023-01-11 16:23:39.301209+00');
INSERT INTO public.servers VALUES ('2bc6f379-b82a-4bdb-ad46-274ea3ee628f', '3679d806-3bfa-4733-9974-0f5066e36f9e', 'Himself game door particularly property.', 1, 'https://discord.gg/rOUaDbZE', 'Wind hot ever probably region deal. Movie thought however carry remain. Leg notice line continue some paper claim record. American base cover always collection beyond personal. Open manager perhaps happy especially particularly research.', '2023-01-04 16:23:39.301209+00', '2023-01-11 16:23:39.301209+00');
INSERT INTO public.servers VALUES ('09a6085b-91d6-47a5-a029-5ccd73dc8393', '317e4653-ad20-416c-8bf2-b481e8ba99f9', 'Recent else represent apply here truth prevent fall.', 1, 'https://discord.gg/zAwXkfSi', 'Window rich more gas eight network especially both. So size surface throw early. Certain perhaps something nor course civil special. Whatever story pretty blood. Total agent project finally happen consumer.', '2023-01-04 16:23:39.301209+00', '2023-01-11 16:23:39.301209+00');
INSERT INTO public.servers VALUES ('31c80fb9-7e99-472e-8841-53bd84fbac02', '534c0489-3202-4457-94fd-0ed6ae6884ed', 'Father threat call chance resource exactly third.', 2, '175.208.25.190:6697', 'Trip fish sort book factor page. Girl why strategy among. Fine study such even.', '2023-01-04 16:23:39.301209+00', '2023-01-11 16:23:39.301209+00');
INSERT INTO public.servers VALUES ('094c011b-5ebf-405d-9552-02e7989f659a', '3679d806-3bfa-4733-9974-0f5066e36f9e', 'Police never pretty house short.', 3, '55.173.192.234:6697', 'Us catch specific from campaign close. Seek run hundred. Prevent suddenly real air behavior never. Near future maybe win source. Doctor third child team half. Hair responsibility color measure.', '2023-01-04 16:23:39.301209+00', '2023-01-11 16:23:39.301209+00');
INSERT INTO public.servers VALUES ('43978f27-b85a-4df3-a99d-bc1ea6e90125', '317e4653-ad20-416c-8bf2-b481e8ba99f9', 'Card reflect he me deal.', 3, '111.111.0.232:6697', 'Source road story wonder. Common more question face interesting reason. Throw student important perhaps. Our exactly remember commercial garden good throughout.', '2023-01-04 16:23:39.301209+00', '2023-01-11 16:23:39.301209+00');
INSERT INTO public.servers VALUES ('8e885b6d-dfe9-4935-bc2b-29bed906310e', '317e4653-ad20-416c-8bf2-b481e8ba99f9', 'Participant within less feeling.', 1, 'https://discord.gg/sSzPTjVd', 'Program yourself material south. Environmental the development nation clearly. City style door development benefit he. Huge ten away finally push.', '2023-01-04 16:23:39.301209+00', '2023-01-11 16:23:39.301209+00');
INSERT INTO public.servers VALUES ('d50aabb4-2835-4f77-914f-c8222f4d211c', '237b5cb9-34b6-4546-8b02-a41da050b28f', 'Them appear box range particularly realize class rise.', 1, 'https://discord.gg/UyfogbyN', 'Dream son my huge television open difficult. This skin behavior work benefit. Stay movement success success decision. Computer chance room indicate set business expect.', '2023-01-04 16:23:39.301209+00', '2023-01-11 16:23:39.301209+00');
INSERT INTO public.servers VALUES ('381d56c9-19b7-4ee3-ae17-4ea1958c370f', '534c0489-3202-4457-94fd-0ed6ae6884ed', 'Stop notice him create.', 2, '83.156.67.116:6697', 'Sea become other onto. Wrong arrive year base green they. Consider young meet act throw window.', '2023-01-04 16:23:39.301209+00', '2023-01-11 16:23:39.301209+00');
INSERT INTO public.servers VALUES ('89ed7c42-6859-4b72-a05e-56629420c14c', '49307772-f297-4c72-8666-5c5c1f2cf1cc', 'Her modern institution federal born economy their.', 3, '165.99.111.48:6697', 'Pass speech take strategy line right. Guess value professional as wish. Account less suffer. Analysis vote protect especially door court. Table professor piece.', '2023-01-04 16:23:39.301209+00', '2023-01-11 16:23:39.301209+00');
INSERT INTO public.servers VALUES ('21384414-37b6-4a93-8b08-a826768cd597', '237b5cb9-34b6-4546-8b02-a41da050b28f', '[IRC] Cell own student service.', 4, '150.201.38.108:6697', 'Project difficult data. Process few ready serious generation become performance. Part reduce bring provide whose family.', '2023-01-04 16:23:39.301209+00', '2023-01-11 16:23:39.301209+00');
INSERT INTO public.servers VALUES ('bdf5fece-a132-466f-88ad-b90de6331b2c', '534c0489-3202-4457-94fd-0ed6ae6884ed', '[IRC] Option economic ok window guy.', 4, '135.40.123.22:6697', 'Court happen role science group without. Room type sea imagine change section economy. Environment executive commercial thousand.', '2023-01-04 16:23:39.301209+00', '2023-01-11 16:23:39.301209+00');


--
-- Data for Name: service_types; Type: TABLE DATA; Schema: public; Owner: dinny
--

INSERT INTO public.service_types VALUES (2, 'TeamSpeak', 'teamspeak.svg');
INSERT INTO public.service_types VALUES (4, 'Other', 'other.svg');
INSERT INTO public.service_types VALUES (1, 'Discord', 'discord.svg');
INSERT INTO public.service_types VALUES (3, 'Mumble', 'mumble.svg');


--
-- Data for Name: user_credentials; Type: TABLE DATA; Schema: public; Owner: dinny
--

INSERT INTO public.user_credentials VALUES ('46d4ad43-385c-4a02-8d7b-b73b1549807e', '$2y$10$jMqHX9KjlF12zKSGkc0pGeNBw0Ws6tsc.PHnSuyoci6xrgvkD.hYi', 'TDXOjtc');
INSERT INTO public.user_credentials VALUES ('84a72447-20d0-4cf2-86c1-2c7baa6fdc3b', '$2y$10$KNg0UdME12Cml5/aW.t.UONTFrQ9cfPK9piuf/GFHQRvp02DHAZzu', 'Vl5f5Pm');
INSERT INTO public.user_credentials VALUES ('2068908f-6a32-4a9a-8814-c3e27b4e2c24', '$2y$10$xWknCp4GcF15SgjGmXCixucRWgs5OeF.5wxCNkKDDvg1X1Z0DsKye', 'qwertyu');
INSERT INTO public.user_credentials VALUES ('ef713bcc-2a43-434f-9a89-1acd666815ef', '$2y$10$hWtvJaQVKx0SHTY3EyKe5emoMDDzd1tBZdv5NbneWdMnjRgGap95i', '7CZIo6F');
INSERT INTO public.user_credentials VALUES ('1c5a3cc8-5f15-4f93-a30b-6e41edf2d683', '$2y$10$UH43Vhn//QHQit4U8liuQejtSAOHuBjPgNkUgkZEqa5XhMaAU17Ja', '7pFRn4q');
INSERT INTO public.user_credentials VALUES ('91c360d0-5223-4e3e-9e28-39c8f77889b1', '$2y$10$BemJdOP1m/MlgvFCICsynOEwnYo8fGYTO27hRVGXc1/e/rqXcDXq6', 'NmR434k');
INSERT INTO public.user_credentials VALUES ('375409dc-aa26-45d8-8ea5-9347b9ad473e', '$2y$10$sN2Od6aXUy.NFsd55OHnLeWHIkaQtwb8OxJyvrVekk16g57VCdfxe', 'XbQvlKL');
INSERT INTO public.user_credentials VALUES ('a6674edb-fc39-43fa-8654-d1e241290a37', '$2y$10$iyi5qqtCNfH6RD8kT3kB7e3.1NCZvGXNFifWGbceLoWfy3wWK47LS', 'yLOfbZn');
INSERT INTO public.user_credentials VALUES ('9207c167-e562-4bbc-a9c5-2db7e6a4c1d9', '$2y$10$D5.eKfSPyvfe77LizxCgz.RH/VRzEkje4ucgZc7ILwQTeC/E3KCH6', 'AKQy2FN');
INSERT INTO public.user_credentials VALUES ('b6a8d5df-cd2f-4c80-b41c-a3fd1a6683d4', '$2y$10$Jp0r.b1Ldduwa/2G373YEuQVs.xMrEPGKc/Iy2yi7GhUhWTOSI5Ia', 'oFrqmXj');


--
-- Data for Name: user_roles; Type: TABLE DATA; Schema: public; Owner: dinny
--

INSERT INTO public.user_roles VALUES (1, 'User');
INSERT INTO public.user_roles VALUES (2, 'Admin');


--
-- Data for Name: users; Type: TABLE DATA; Schema: public; Owner: dinny
--

INSERT INTO public.users VALUES ('49307772-f297-4c72-8666-5c5c1f2cf1cc', 'Snort1541@gmail.com', 'Snort1541', 1, 'ef713bcc-2a43-434f-9a89-1acd666815ef');
INSERT INTO public.users VALUES ('237b5cb9-34b6-4546-8b02-a41da050b28f', 'Civic1389@gmail.com', 'Civic1389', 1, '1c5a3cc8-5f15-4f93-a30b-6e41edf2d683');
INSERT INTO public.users VALUES ('9a73efc8-8dd8-4efb-8822-b45ca3c16c7f', 'billgates@outlook.com', 'billgates', 1, '9207c167-e562-4bbc-a9c5-2db7e6a4c1d9');
INSERT INTO public.users VALUES ('317e4653-ad20-416c-8bf2-b481e8ba99f9', 'Worried7758@gmail.com', 'Worried7758', 1, '91c360d0-5223-4e3e-9e28-39c8f77889b1');
INSERT INTO public.users VALUES ('3679d806-3bfa-4733-9974-0f5066e36f9e', 'Calculate0542@gmail.com', 'Calculate0542', 1, 'a6674edb-fc39-43fa-8654-d1e241290a37');
INSERT INTO public.users VALUES ('534c0489-3202-4457-94fd-0ed6ae6884ed', 'Pyromania5402@gmail.com', 'Pyromania5402', 1, '375409dc-aa26-45d8-8ea5-9347b9ad473e');
INSERT INTO public.users VALUES ('0567b853-13af-4b0a-ae4e-3b12df372eba', 'radcraftplay2@gmail.com', 'Droplet8304', 1, '84a72447-20d0-4cf2-86c1-2c7baa6fdc3b');
INSERT INTO public.users VALUES ('5f932ab0-3754-4623-92b8-7cbf84891d08', 'johndoe@gmail.com', 'johndoe', 2, '2068908f-6a32-4a9a-8814-c3e27b4e2c24');
INSERT INTO public.users VALUES ('a477bcf2-65c6-4c7c-9d95-faa14e2930b3', 'foo@bar.com', 'foobar', 1, '46d4ad43-385c-4a02-8d7b-b73b1549807e');


--
-- Name: service_types_service_type_id_seq; Type: SEQUENCE SET; Schema: public; Owner: dinny
--

SELECT pg_catalog.setval('public.service_types_service_type_id_seq', 4, true);


--
-- Name: user_roles_role_id_seq; Type: SEQUENCE SET; Schema: public; Owner: dinny
--

SELECT pg_catalog.setval('public.user_roles_role_id_seq', 2, true);


--
-- Name: user_credentials credentials_pk; Type: CONSTRAINT; Schema: public; Owner: dinny
--

ALTER TABLE ONLY public.user_credentials
    ADD CONSTRAINT credentials_pk PRIMARY KEY (credentials_id);


--
-- Name: saved_servers saved_servers_pk; Type: CONSTRAINT; Schema: public; Owner: dinny
--

ALTER TABLE ONLY public.saved_servers
    ADD CONSTRAINT saved_servers_pk PRIMARY KEY (submission_id, user_id);


--
-- Name: servers servers_pk; Type: CONSTRAINT; Schema: public; Owner: dinny
--

ALTER TABLE ONLY public.servers
    ADD CONSTRAINT servers_pk PRIMARY KEY (submission_id);


--
-- Name: service_types service_types_name_unique; Type: CONSTRAINT; Schema: public; Owner: dinny
--

ALTER TABLE ONLY public.service_types
    ADD CONSTRAINT service_types_name_unique UNIQUE (service_name);


--
-- Name: service_types service_types_pk; Type: CONSTRAINT; Schema: public; Owner: dinny
--

ALTER TABLE ONLY public.service_types
    ADD CONSTRAINT service_types_pk PRIMARY KEY (service_type_id);


--
-- Name: user_roles user_roles_pk; Type: CONSTRAINT; Schema: public; Owner: dinny
--

ALTER TABLE ONLY public.user_roles
    ADD CONSTRAINT user_roles_pk PRIMARY KEY (role_id);


--
-- Name: users users_pk; Type: CONSTRAINT; Schema: public; Owner: dinny
--

ALTER TABLE ONLY public.users
    ADD CONSTRAINT users_pk PRIMARY KEY (user_id);


--
-- Name: users users_pk2; Type: CONSTRAINT; Schema: public; Owner: dinny
--

ALTER TABLE ONLY public.users
    ADD CONSTRAINT users_pk2 UNIQUE (email);


--
-- Name: users users_pk3; Type: CONSTRAINT; Schema: public; Owner: dinny
--

ALTER TABLE ONLY public.users
    ADD CONSTRAINT users_pk3 UNIQUE (username);


--
-- Name: users users_pk4; Type: CONSTRAINT; Schema: public; Owner: dinny
--

ALTER TABLE ONLY public.users
    ADD CONSTRAINT users_pk4 UNIQUE (credentials_id);


--
-- Name: server_views purge_old_views_tr; Type: TRIGGER; Schema: public; Owner: dinny
--

CREATE TRIGGER purge_old_views_tr AFTER INSERT ON public.server_views FOR EACH STATEMENT EXECUTE FUNCTION public.purge_old_views();


--
-- Name: saved_servers saved_servers_servers_submission_id_fk; Type: FK CONSTRAINT; Schema: public; Owner: dinny
--

ALTER TABLE ONLY public.saved_servers
    ADD CONSTRAINT saved_servers_servers_submission_id_fk FOREIGN KEY (submission_id) REFERENCES public.servers(submission_id);


--
-- Name: saved_servers saved_servers_users_user_id_fk; Type: FK CONSTRAINT; Schema: public; Owner: dinny
--

ALTER TABLE ONLY public.saved_servers
    ADD CONSTRAINT saved_servers_users_user_id_fk FOREIGN KEY (user_id) REFERENCES public.users(user_id);


--
-- Name: server_views server_views_servers_submission_id_fk; Type: FK CONSTRAINT; Schema: public; Owner: dinny
--

ALTER TABLE ONLY public.server_views
    ADD CONSTRAINT server_views_servers_submission_id_fk FOREIGN KEY (server_id) REFERENCES public.servers(submission_id) ON UPDATE CASCADE ON DELETE CASCADE;


--
-- Name: servers servers_service_types_service_type_id_fk; Type: FK CONSTRAINT; Schema: public; Owner: dinny
--

ALTER TABLE ONLY public.servers
    ADD CONSTRAINT servers_service_types_service_type_id_fk FOREIGN KEY (service_type_id) REFERENCES public.service_types(service_type_id) ON UPDATE CASCADE ON DELETE SET DEFAULT;


--
-- Name: servers servers_users_submitter_id_fk; Type: FK CONSTRAINT; Schema: public; Owner: dinny
--

ALTER TABLE ONLY public.servers
    ADD CONSTRAINT servers_users_submitter_id_fk FOREIGN KEY (submitter_id) REFERENCES public.users(user_id) ON UPDATE CASCADE ON DELETE CASCADE;


--
-- Name: users users_user_credentials_credentials_id_fk; Type: FK CONSTRAINT; Schema: public; Owner: dinny
--

ALTER TABLE ONLY public.users
    ADD CONSTRAINT users_user_credentials_credentials_id_fk FOREIGN KEY (credentials_id) REFERENCES public.user_credentials(credentials_id) ON UPDATE CASCADE ON DELETE CASCADE;


--
-- Name: users users_user_roles_role_id_fk; Type: FK CONSTRAINT; Schema: public; Owner: dinny
--

ALTER TABLE ONLY public.users
    ADD CONSTRAINT users_user_roles_role_id_fk FOREIGN KEY (user_role_id) REFERENCES public.user_roles(role_id) ON UPDATE CASCADE ON DELETE SET DEFAULT;


--
-- PostgreSQL database dump complete
--

